订单号,SKU,状态,申请类型,时效天,异常,责任环节
RO6997279,SKU1044,已下单,换货,9,物流异常,商家
RO7117474,SKU1090,换货中,退货,4,拒收,客服
RO4718036,SKU1095,已发货,换货,14,,
RO4294743,SKU1009,已下单,仅退款,14,物流异常,物流
RO2586400,SKU1285,退货中,退货,7,,
RO6847497,SKU1090,已下单,退货,8,,
RO7960817,SKU1210,换货中,退货,1,,
RO7109751,SKU1100,已完成,退货,6,,
RO6153889,SKU1026,退货中,退货,11,拒收,客服
RO7061686,SKU1251,退货中,换货,12,库存不符,客服
RO4282587,SKU1157,换货中,退货,3,,
RO2745255,SKU1115,换货中,仅退款,15,,
RO5218513,SKU1121,已完成,仅退款,11,,
RO2804821,SKU1097,已发货,换货,10,,
RO5469746,SKU1165,换货中,退货,13,超时未处理,仓储
RO7781159,SKU1064,换货中,换货,14,物流异常,物流
RO2340502,SKU1271,已下单,退货,6,,
RO8694560,SKU1131,已下单,仅退款,8,,
RO7200238,SKU1201,已下单,仅退款,8,,
RO2851857,SKU1249,退货中,仅退款,7,,
RO4329864,SKU1231,已发货,换货,13,,
RO6642897,SKU1269,换货中,退货,1,,
RO4761480,SKU1040,已下单,换货,13,拒收,客服
RO5396679,SKU1202,已完成,换货,8,,
RO5198681,SKU1210,已下单,仅退款,2,物流异常,客服
RO2227348,SKU1038,已完成,退货,13,,
RO8959842,SKU1113,退货中,换货,1,,
RO4509490,SKU1123,已发货,退货,4,,
RO2571149,SKU1124,换货中,仅退款,15,,
RO2417684,SKU1057,已下单,换货,5,,
RO7598430,SKU1223,已下单,退货,5,,
RO4239443,SKU1284,退货中,退货,14,,
RO1764021,SKU1210,退货中,仅退款,12,,
RO4123912,SKU1296,已完成,退货,3,,
RO1320145,SKU1262,换货中,退货,13,,
RO3107709,SKU1220,已下单,退货,15,物流异常,物流
RO4334875,SKU1100,已完成,退货,12,,
RO4115654,SKU1117,退货中,换货,13,,
RO1013123,SKU1135,已下单,退货,9,,
RO1673397,SKU1128,已发货,换货,5,,
RO7540288,SKU1245,已完成,仅退款,4,超时未处理,客服
RO2917560,SKU1058,已完成,仅退款,3,,
RO1824942,SKU1117,已完成,退货,9,,
RO4295026,SKU1283,换货中,换货,9,,
RO7839918,SKU1104,已下单,退货,14,,
RO2956743,SKU1288,退货中,仅退款,1,,
RO2424678,SKU1275,退货中,换货,6,,
RO4848486,SKU1237,已完成,仅退款,10,,
RO6084644,SKU1169,已发货,换货,5,,
RO8198404,SKU1106,换货中,退货,10,超时未处理,商家
RO4755118,SKU1272,退货中,仅退款,12,超时未处理,商家
RO8834891,SKU1253,退货中,退货,9,,
RO7651712,SKU1281,已完成,仅退款,9,库存不符,商家
RO3648026,SKU1023,换货中,换货,10,物流异常,仓储
RO6067300,SKU1082,退货中,换货,14,,
RO8932631,SKU1178,退货中,换货,13,,
RO8593080,SKU1163,已下单,退货,6,拒收,物流
RO5949324,SKU1130,已下单,退货,10,,
RO3005569,SKU1182,退货中,退货,9,,
RO8883290,SKU1125,退货中,退货,8,,
RO8641623,SKU1198,已发货,仅退款,2,,
RO7843161,SKU1276,退货中,退货,2,,
RO7781082,SKU1297,已发货,换货,13,,
RO5972642,SKU1246,已下单,退货,15,,
RO8987333,SKU1292,换货中,换货,9,,
RO3909202,SKU1292,已完成,换货,11,,
RO2258413,SKU1016,换货中,换货,4,,
RO2885780,SKU1282,换货中,换货,5,,
RO2372880,SKU1105,已完成,换货,1,,
RO3284073,SKU1096,已完成,退货,3,,
RO6159450,SKU1184,退货中,仅退款,13,,
RO7412729,SKU1127,已下单,仅退款,6,库存不符,物流
RO7045948,SKU1284,已完成,仅退款,4,库存不符,仓储
RO6884615,SKU1009,退货中,仅退款,3,,
RO8314485,SKU1265,已下单,换货,14,超时未处理,商家
RO5954730,SKU1171,已完成,仅退款,4,,
RO3664667,SKU1066,退货中,仅退款,2,,
RO3521665,SKU1287,换货中,换货,6,,
RO6777680,SKU1011,换货中,换货,12,物流异常,商家
RO3639252,SKU1143,已下单,退货,8,,
RO1429826,SKU1008,换货中,换货,13,库存不符,客服
RO5940791,SKU1147,已下单,仅退款,9,物流异常,商家
RO2901001,SKU1222,退货中,仅退款,4,,
RO8317258,SKU1139,已完成,退货,3,,
RO1090668,SKU1121,已发货,退货,10,,
RO5189313,SKU1165,已发货,仅退款,14,拒收,商家
RO1365182,SKU1247,已下单,仅退款,2,,
RO1089998,SKU1191,退货中,换货,3,库存不符,物流
RO3798734,SKU1121,退货中,退货,7,,
RO2853870,SKU1064,换货中,换货,9,,
RO3982950,SKU1236,退货中,换货,3,,
RO3322907,SKU1222,退货中,仅退款,1,拒收,客服
RO5619000,SKU1253,换货中,退货,15,拒收,客服
RO8634394,SKU1068,退货中,仅退款,11,拒收,物流
RO3699951,SKU1180,已完成,退货,11,,
RO4963411,SKU1266,已完成,退货,2,,
RO7706373,SKU1160,已发货,仅退款,10,,
RO6407792,SKU1179,已发货,换货,11,,
RO5725261,SKU1087,已完成,退货,2,超时未处理,仓储
RO1822519,SKU1277,已完成,退货,14,,
RO1148096,SKU1129,退货中,换货,12,,
RO5624020,SKU1055,换货中,换货,10,,
RO2221594,SKU1047,已下单,换货,8,拒收,客服
RO3056863,SKU1252,换货中,换货,10,物流异常,客服
RO8224107,SKU1040,换货中,退货,11,,
RO5372387,SKU1259,退货中,仅退款,5,,
RO7775697,SKU1099,已完成,退货,6,,
RO3605896,SKU1225,已完成,换货,13,,
RO3162577,SKU1262,退货中,退货,12,超时未处理,商家
RO3687403,SKU1098,退货中,仅退款,14,,
RO5225849,SKU1230,已下单,仅退款,8,,
RO2533124,SKU1142,已下单,仅退款,3,,
RO7305372,SKU1211,已发货,退货,15,,
RO8727519,SKU1134,退货中,换货,3,物流异常,物流
RO4534554,SKU1204,已下单,换货,15,,
RO3033133,SKU1055,已下单,换货,9,,
RO5557098,SKU1290,已完成,退货,11,,
RO4913744,SKU1035,已下单,仅退款,2,物流异常,商家
RO8364739,SKU1216,已下单,换货,2,库存不符,商家
RO8155144,SKU1054,已完成,换货,2,,
RO5768133,SKU1178,已发货,仅退款,8,,
RO2270793,SKU1156,退货中,仅退款,13,,
RO8719291,SKU1009,已发货,换货,10,,
RO5363794,SKU1040,已下单,换货,1,,
RO4765680,SKU1122,已发货,仅退款,11,,
RO6520933,SKU1281,退货中,换货,1,,
RO4646215,SKU1152,已发货,换货,1,,
RO3942891,SKU1195,已完成,仅退款,13,,
RO5964558,SKU1044,已下单,退货,9,,
RO4267891,SKU1177,换货中,仅退款,12,,
RO2609444,SKU1097,退货中,换货,14,超时未处理,仓储
RO5150609,SKU1240,换货中,换货,6,,
RO5002267,SKU1261,已完成,仅退款,14,,
RO4089074,SKU1192,已下单,仅退款,4,,
RO8979010,SKU1299,已下单,仅退款,5,,
RO6326649,SKU1019,已下单,退货,3,,
RO7636964,SKU1154,已完成,仅退款,1,拒收,客服
RO7359776,SKU1047,已完成,退货,12,,
RO4957013,SKU1158,退货中,仅退款,9,,
RO3620314,SKU1163,已完成,仅退款,13,,
RO3548032,SKU1028,换货中,仅退款,15,,
RO3026846,SKU1004,换货中,仅退款,9,超时未处理,物流
RO6186798,SKU1163,退货中,退货,1,,
RO2860206,SKU1108,换货中,退货,11,,
RO4613124,SKU1157,退货中,退货,12,库存不符,客服
RO3451620,SKU1124,退货中,换货,14,,
RO1416109,SKU1099,已完成,退货,14,,
RO2362411,SKU1238,已下单,退货,5,拒收,客服
RO4607769,SKU1107,已下单,仅退款,15,,
RO4815200,SKU1032,换货中,换货,14,,
RO4343734,SKU1037,已发货,仅退款,5,,
RO8496822,SKU1239,换货中,换货,15,超时未处理,客服
RO5524638,SKU1207,换货中,仅退款,11,,
RO4977426,SKU1190,已下单,仅退款,2,,
RO8789742,SKU1088,已下单,仅退款,6,,
RO5271183,SKU1040,已下单,仅退款,6,,
RO6664124,SKU1172,已下单,换货,11,,
RO2370083,SKU1109,已下单,换货,3,,
RO1209902,SKU1074,已下单,退货,1,,
RO4420350,SKU1235,退货中,退货,11,,
RO7305645,SKU1283,退货中,退货,8,,
RO8865682,SKU1151,已下单,换货,12,,
RO8549517,SKU1289,已完成,换货,4,,
RO8528108,SKU1019,已下单,换货,5,,
RO7519639,SKU1215,退货中,退货,13,,
RO4991799,SKU1193,已下单,仅退款,2,,
RO4619520,SKU1239,已发货,换货,5,,
RO7702208,SKU1159,已发货,仅退款,12,,
RO7416352,SKU1081,已下单,仅退款,7,,
RO3716221,SKU1170,换货中,退货,8,,
RO4291435,SKU1001,换货中,退货,11,,
RO4069674,SKU1060,已发货,仅退款,6,物流异常,商家
RO4120553,SKU1179,换货中,换货,10,,
RO3180279,SKU1004,退货中,换货,15,,
RO5514809,SKU1138,已完成,退货,3,,
RO6058498,SKU1107,退货中,换货,5,,
RO4960562,SKU1028,已下单,退货,12,,
RO7136617,SKU1144,已完成,退货,6,,
RO8225855,SKU1283,退货中,仅退款,5,,
RO2384444,SKU1199,退货中,退货,12,超时未处理,客服
RO8441548,SKU1082,已完成,换货,15,,
RO2793244,SKU1239,已完成,换货,9,物流异常,仓储
RO1760145,SKU1199,退货中,仅退款,12,,
RO3680551,SKU1238,已发货,退货,9,,
RO3198594,SKU1173,已下单,换货,9,,
RO2343213,SKU1272,换货中,仅退款,8,,
RO3323825,SKU1062,换货中,仅退款,5,,
RO6794747,SKU1070,已完成,换货,3,,
RO2148169,SKU1260,换货中,换货,1,,
RO8958442,SKU1022,已下单,换货,14,物流异常,客服
RO7270568,SKU1182,已下单,仅退款,12,超时未处理,客服
RO2824460,SKU1013,退货中,换货,10,,
RO4460538,SKU1130,换货中,仅退款,3,,
RO8174713,SKU1012,已发货,换货,3,库存不符,仓储
RO5640086,SKU1156,已发货,换货,10,,
RO4589286,SKU1269,已发货,换货,14,,
RO5239094,SKU1178,已发货,换货,3,,
RO6726236,SKU1199,已下单,换货,8,,
RO5245313,SKU1110,退货中,退货,14,,
RO1451304,SKU1112,已完成,退货,8,,
RO4748730,SKU1161,退货中,退货,15,,
RO5104619,SKU1237,退货中,退货,5,,
RO6865502,SKU1114,已发货,仅退款,10,,
RO1209528,SKU1081,已完成,换货,15,拒收,物流
RO5670213,SKU1240,已发货,仅退款,9,库存不符,物流
RO7440965,SKU1016,换货中,仅退款,13,,
RO8046019,SKU1035,已完成,换货,15,,
RO5443175,SKU1285,换货中,退货,13,,
RO7312308,SKU1146,退货中,换货,14,,
RO6893617,SKU1233,换货中,换货,7,,
RO6210349,SKU1270,换货中,换货,15,,
RO7286135,SKU1185,已发货,换货,11,,
RO1726223,SKU1208,已完成,仅退款,1,,
RO6953841,SKU1293,换货中,换货,14,,
RO4528802,SKU1071,退货中,仅退款,3,,
RO1912760,SKU1287,已发货,退货,6,,
RO7422466,SKU1044,退货中,退货,12,,
RO1545594,SKU1011,已发货,换货,9,,
RO3850952,SKU1279,退货中,仅退款,2,,
RO8528600,SKU1023,已发货,仅退款,4,,
RO8249300,SKU1275,已下单,仅退款,4,,
RO3491216,SKU1298,已发货,仅退款,8,,
RO1549410,SKU1285,退货中,换货,2,库存不符,物流
RO4241543,SKU1277,退货中,仅退款,2,,
RO4245524,SKU1073,已下单,仅退款,9,,
RO7848938,SKU1161,换货中,退货,1,,
RO2641688,SKU1063,退货中,仅退款,6,超时未处理,物流
RO1821271,SKU1256,退货中,换货,1,,
RO6782413,SKU1011,换货中,换货,14,,
RO8785111,SKU1088,已发货,仅退款,12,,
RO7722140,SKU1126,退货中,仅退款,12,,
RO3591498,SKU1146,退货中,换货,12,,
RO2764702,SKU1268,已下单,退货,9,,
RO8781891,SKU1264,退货中,仅退款,14,,
RO8338274,SKU1223,已下单,退货,3,,
RO4545374,SKU1157,已完成,换货,6,,
RO7640393,SKU1166,换货中,退货,14,,
RO5539418,SKU1163,退货中,退货,14,物流异常,物流
RO3219009,SKU1240,已发货,退货,2,,
RO1691127,SKU1276,已完成,仅退款,12,,
RO2261569,SKU1011,换货中,退货,11,,
RO7279310,SKU1030,已发货,仅退款,15,,
RO6659326,SKU1207,已发货,仅退款,4,拒收,物流
RO8101693,SKU1038,已下单,退货,4,,
RO7355688,SKU1083,已下单,退货,1,,
RO6789771,SKU1201,已发货,退货,13,,
RO5655787,SKU1217,换货中,换货,9,,
RO4857180,SKU1038,换货中,退货,4,,
RO6273470,SKU1021,换货中,换货,4,,
RO3297018,SKU1148,已下单,换货,4,拒收,商家
RO3651961,SKU1274,已下单,退货,1,,
RO5069696,SKU1169,换货中,换货,7,,
RO8465661,SKU1136,退货中,换货,11,,
RO1624052,SKU1240,换货中,仅退款,6,,
RO6974129,SKU1115,换货中,退货,15,,
RO7508814,SKU1065,已完成,换货,9,,
RO3150760,SKU1232,已下单,仅退款,6,,
RO4448654,SKU1030,换货中,退货,4,,
RO1682363,SKU1285,已下单,退货,4,超时未处理,客服
RO2360056,SKU1215,已发货,仅退款,3,,
RO3118679,SKU1214,已完成,仅退款,1,,
RO1088425,SKU1255,已发货,换货,5,超时未处理,仓储
RO3485246,SKU1204,已下单,退货,2,,
RO3747250,SKU1267,已完成,退货,15,,
RO8343664,SKU1048,换货中,换货,12,超时未处理,仓储
RO5180572,SKU1278,换货中,退货,2,,
RO4906698,SKU1011,退货中,退货,15,,
RO6158227,SKU1241,已发货,换货,3,,
RO1192155,SKU1108,已发货,退货,8,,
RO7278685,SKU1125,已发货,退货,1,,
RO4248619,SKU1281,退货中,换货,8,,
RO8241385,SKU1163,退货中,换货,3,拒收,客服
RO8609954,SKU1183,换货中,退货,1,拒收,客服
RO3750562,SKU1082,换货中,仅退款,7,,
RO5359168,SKU1037,换货中,仅退款,12,物流异常,物流
RO5234560,SKU1007,退货中,换货,3,,
RO7059554,SKU1124,已下单,换货,2,超时未处理,仓储
RO1918901,SKU1140,已完成,退货,12,,
RO3096010,SKU1219,已发货,仅退款,10,,
RO4000093,SKU1205,换货中,换货,9,,
RO7675911,SKU1034,已下单,退货,1,,
RO6389953,SKU1201,已下单,换货,10,,
RO2984002,SKU1037,已完成,退货,9,,
RO2217978,SKU1286,退货中,换货,7,超时未处理,商家
RO6221316,SKU1024,换货中,仅退款,12,,
RO2096264,SKU1032,已下单,退货,2,拒收,物流
RO8037423,SKU1235,已下单,退货,15,,
RO5672696,SKU1247,已下单,退货,8,,
RO5581830,SKU1089,已发货,换货,8,,
RO4997003,SKU1056,已下单,换货,9,物流异常,客服
RO3765969,SKU1051,已完成,仅退款,3,,
RO1458592,SKU1221,退货中,退货,1,拒收,客服
RO8097520,SKU1279,退货中,仅退款,15,,
RO6287984,SKU1123,已完成,仅退款,12,,
RO1627508,SKU1199,退货中,仅退款,1,,
RO4532893,SKU1156,已发货,换货,14,物流异常,物流
RO7038389,SKU1237,已完成,换货,2,,
RO5780685,SKU1131,已发货,仅退款,5,,
RO4780018,SKU1209,换货中,换货,7,,
RO1744123,SKU1253,已发货,仅退款,5,,
RO6076623,SKU1166,换货中,仅退款,13,,
RO2628540,SKU1078,换货中,换货,7,物流异常,物流
RO1266172,SKU1152,已发货,退货,7,,
RO3598225,SKU1164,换货中,退货,14,超时未处理,商家
RO8947719,SKU1033,已完成,退货,11,库存不符,客服
RO2366897,SKU1139,已完成,仅退款,3,物流异常,客服
RO3667018,SKU1092,已下单,换货,12,,
RO3748361,SKU1210,退货中,仅退款,9,,
RO3484664,SKU1035,已下单,换货,13,,
RO3559387,SKU1256,换货中,换货,9,,
RO8744748,SKU1207,已发货,换货,14,,
RO6270802,SKU1268,已下单,仅退款,15,,
RO4325910,SKU1135,已下单,退货,1,,
RO7340214,SKU1066,已下单,仅退款,8,物流异常,商家
RO4377506,SKU1224,已完成,仅退款,8,物流异常,客服
RO5101685,SKU1289,已完成,退货,5,,
RO8713707,SKU1103,已发货,仅退款,3,库存不符,仓储
RO4262078,SKU1117,退货中,仅退款,15,,
RO7013916,SKU1260,退货中,退货,5,物流异常,物流
RO4131410,SKU1088,已下单,换货,14,超时未处理,仓储
RO5042508,SKU1242,已发货,退货,6,,
RO3942683,SKU1281,退货中,退货,10,,
RO2089803,SKU1002,已完成,退货,11,拒收,物流
RO2770936,SKU1018,已完成,退货,9,拒收,物流
RO6482524,SKU1285,已下单,退货,10,物流异常,商家
RO8509959,SKU1148,已完成,退货,8,,
RO7955355,SKU1234,已完成,换货,10,,
RO1709653,SKU1051,已完成,仅退款,3,,
RO1072379,SKU1217,已完成,仅退款,7,,
RO5938928,SKU1104,已完成,退货,11,,
RO7877584,SKU1250,换货中,仅退款,5,物流异常,仓储
RO8699291,SKU1022,已发货,仅退款,14,,
RO4931771,SKU1163,已发货,仅退款,4,物流异常,客服
RO4847331,SKU1127,已完成,换货,4,,
RO7079744,SKU1186,退货中,换货,12,,
RO6940762,SKU1089,已发货,退货,7,,
RO4399728,SKU1267,退货中,退货,7,,
RO4738422,SKU1104,已完成,换货,13,,
RO6944022,SKU1268,已完成,退货,11,,
RO6354305,SKU1165,已下单,退货,4,,
RO8019570,SKU1252,已发货,仅退款,3,,
RO2693646,SKU1038,已下单,退货,3,,
RO6520965,SKU1233,退货中,仅退款,14,,
RO3637807,SKU1195,已下单,换货,7,,
RO2409328,SKU1274,已发货,退货,11,,
RO5633937,SKU1031,已发货,仅退款,9,,
RO7787811,SKU1259,退货中,退货,11,超时未处理,仓储
RO2560393,SKU1214,已下单,退货,15,,
RO2192316,SKU1101,换货中,退货,11,,
RO5861343,SKU1242,已发货,换货,2,,
RO4838599,SKU1048,换货中,仅退款,7,,
RO4253706,SKU1209,换货中,仅退款,6,,
RO6809805,SKU1077,退货中,换货,10,拒收,客服
RO4742159,SKU1290,退货中,换货,15,,
RO1631426,SKU1268,已发货,退货,5,拒收,商家
RO7990001,SKU1047,已下单,退货,4,拒收,物流
RO3336344,SKU1178,已完成,退货,7,,
RO7026370,SKU1127,已完成,换货,7,,
RO7266617,SKU1274,退货中,退货,10,物流异常,客服
RO7776747,SKU1212,退货中,仅退款,14,超时未处理,物流
RO4655831,SKU1005,已下单,换货,15,,
RO4703301,SKU1292,换货中,仅退款,14,,
RO2012290,SKU1288,退货中,仅退款,2,,
RO8347499,SKU1203,已下单,退货,12,超时未处理,物流
RO6141945,SKU1216,退货中,仅退款,4,物流异常,物流
RO1811496,SKU1162,退货中,仅退款,5,库存不符,商家
RO6224253,SKU1283,已下单,换货,5,,
RO6146296,SKU1191,已下单,退货,2,,
RO1539275,SKU1051,已完成,退货,9,,
RO1036260,SKU1239,换货中,换货,1,超时未处理,商家
RO4878982,SKU1028,已完成,退货,6,,
RO4288321,SKU1278,换货中,换货,8,,
RO5720152,SKU1120,换货中,退货,2,,
RO7614357,SKU1153,换货中,换货,9,,
RO3594558,SKU1240,换货中,仅退款,6,,
RO6914579,SKU1107,已发货,仅退款,6,超时未处理,物流
RO6141100,SKU1271,已下单,换货,8,库存不符,商家
RO4471653,SKU1214,已下单,退货,15,,
RO7285530,SKU1111,已下单,换货,1,,
RO7060880,SKU1292,已下单,退货,10,超时未处理,仓储
RO4744182,SKU1062,已完成,仅退款,5,物流异常,仓储
RO2777762,SKU1031,已发货,换货,6,超时未处理,物流
RO6833228,SKU1058,换货中,退货,4,物流异常,仓储
RO7242044,SKU1033,已发货,退货,9,,
RO1352023,SKU1131,已下单,仅退款,13,,
RO3541280,SKU1266,已发货,仅退款,7,拒收,仓储
RO5132603,SKU1207,退货中,退货,8,,
RO6579632,SKU1112,换货中,退货,2,库存不符,商家
RO7967703,SKU1233,退货中,退货,3,,
RO3036925,SKU1108,已下单,仅退款,11,,
RO7000120,SKU1034,换货中,仅退款,10,物流异常,商家
RO8184734,SKU1187,已下单,退货,3,,
RO6067498,SKU1210,退货中,退货,1,,
RO1030993,SKU1225,已完成,退货,12,,
RO5198871,SKU1084,已发货,退货,5,物流异常,商家
RO2095524,SKU1009,已完成,换货,1,,
RO7509723,SKU1170,换货中,退货,14,,
RO5660489,SKU1191,换货中,退货,4,超时未处理,物流
RO4989763,SKU1041,退货中,换货,4,,
RO3531011,SKU1123,换货中,仅退款,14,物流异常,物流
RO6458196,SKU1247,退货中,仅退款,7,物流异常,仓储
RO5028756,SKU1266,退货中,退货,11,,
RO3098965,SKU1190,退货中,仅退款,14,,
RO6522563,SKU1196,退货中,换货,5,,
RO4903279,SKU1185,已下单,仅退款,8,,
RO6403074,SKU1175,已完成,仅退款,15,,
RO2773777,SKU1235,已发货,换货,4,物流异常,仓储
RO8046570,SKU1143,退货中,换货,2,,
RO6168127,SKU1129,已下单,退货,7,,
RO7876655,SKU1036,已下单,仅退款,6,,
RO6412164,SKU1088,退货中,仅退款,11,,
RO8819674,SKU1059,已下单,仅退款,3,,
RO2342788,SKU1264,已发货,换货,11,,
RO8787636,SKU1007,已完成,退货,12,,
RO5656058,SKU1015,换货中,退货,12,,
RO4730666,SKU1053,已下单,仅退款,8,,
RO4129243,SKU1109,换货中,换货,1,,
RO6202410,SKU1193,已下单,仅退款,4,物流异常,客服
RO8760116,SKU1204,已完成,仅退款,11,,
RO2837065,SKU1009,换货中,仅退款,10,物流异常,仓储
RO5197524,SKU1124,已完成,退货,13,拒收,客服
RO8530352,SKU1110,已下单,换货,6,,
RO6171674,SKU1191,已下单,换货,14,库存不符,商家
RO4161900,SKU1235,换货中,仅退款,4,,
RO8235360,SKU1100,已下单,换货,1,,
RO4879593,SKU1234,换货中,退货,5,物流异常,仓储
RO5570595,SKU1118,已完成,退货,7,,
RO5930535,SKU1031,已完成,换货,8,,
RO3375198,SKU1027,已完成,换货,12,拒收,物流
RO4505376,SKU1062,已发货,退货,11,,
RO2920185,SKU1055,退货中,退货,5,,
RO5685565,SKU1169,已下单,换货,15,拒收,仓储
RO6604452,SKU1125,换货中,换货,4,,
RO6407410,SKU1214,退货中,退货,14,,
RO6208547,SKU1135,换货中,仅退款,14,,
RO8279644,SKU1063,已下单,仅退款,5,,
RO8440329,SKU1251,退货中,仅退款,3,,
RO5100839,SKU1030,退货中,换货,1,,
RO1331017,SKU1007,退货中,换货,13,,
RO1237665,SKU1019,已发货,仅退款,2,,
RO4787790,SKU1130,退货中,换货,13,库存不符,物流
RO5497013,SKU1272,已下单,换货,2,物流异常,商家
RO6072632,SKU1056,退货中,换货,3,,
RO4888617,SKU1138,退货中,退货,15,,
RO7315558,SKU1166,换货中,退货,10,,
RO2171317,SKU1297,已发货,退货,2,,
RO5706196,SKU1214,已下单,换货,12,,
RO8485015,SKU1084,退货中,退货,5,,
RO5731710,SKU1049,换货中,仅退款,8,,
RO3017728,SKU1102,已完成,退货,15,,
RO3822000,SKU1178,已下单,退货,11,,
RO2826523,SKU1206,退货中,退货,10,,
RO4379873,SKU1020,已发货,换货,10,,
RO1503298,SKU1270,退货中,换货,14,,
RO8322349,SKU1282,换货中,换货,8,,
RO1045962,SKU1292,换货中,退货,7,,
RO7882079,SKU1158,退货中,换货,10,,
RO4094566,SKU1161,退货中,仅退款,13,,
RO6663022,SKU1117,已发货,仅退款,6,,
RO6343865,SKU1078,已完成,退货,14,库存不符,商家
RO2645401,SKU1015,已发货,换货,2,库存不符,仓储
RO5822372,SKU1181,已完成,换货,7,,
RO7310371,SKU1220,已发货,仅退款,10,,
RO2634623,SKU1194,已下单,仅退款,7,,
RO8171153,SKU1043,已完成,换货,11,,
RO1081486,SKU1279,换货中,退货,1,拒收,商家
RO3155227,SKU1088,已发货,仅退款,11,,
RO6118447,SKU1235,已完成,换货,7,,
RO7962920,SKU1223,已下单,仅退款,4,,
RO6301963,SKU1095,已完成,仅退款,8,,
RO5804352,SKU1141,换货中,退货,12,,
RO4849966,SKU1261,换货中,退货,10,库存不符,仓储
RO8238505,SKU1073,已完成,退货,10,,
RO4524575,SKU1114,已发货,退货,7,,
RO2907464,SKU1291,已下单,仅退款,6,库存不符,商家
RO3143969,SKU1244,已完成,退货,2,,
RO1270851,SKU1157,已发货,仅退款,8,,
RO4530238,SKU1079,已发货,仅退款,8,,
RO4405871,SKU1004,已下单,退货,8,,
RO2688693,SKU1133,已发货,退货,3,,
RO5867477,SKU1236,已下单,退货,6,物流异常,客服
RO1428630,SKU1141,换货中,换货,7,,
RO8370811,SKU1027,已下单,退货,9,,
RO7208154,SKU1299,已发货,退货,13,,
RO5440478,SKU1046,退货中,退货,10,,
RO5485789,SKU1288,换货中,退货,14,,
RO6624920,SKU1077,已完成,仅退款,12,拒收,商家
RO1924398,SKU1029,已完成,换货,4,超时未处理,商家
RO2608556,SKU1219,退货中,换货,7,,
RO1280163,SKU1274,已完成,换货,12,,
RO6038991,SKU1132,换货中,换货,4,拒收,商家
RO1478437,SKU1098,已完成,退货,15,,
RO7874300,SKU1162,换货中,仅退款,15,,
RO6445671,SKU1177,已下单,换货,14,,
RO4060592,SKU1030,已完成,换货,9,,
RO3973863,SKU1277,已完成,退货,2,,
RO1866607,SKU1168,已下单,仅退款,15,,
RO5402913,SKU1279,已完成,退货,11,,
RO8337558,SKU1052,已完成,仅退款,14,,
RO4853806,SKU1079,已完成,退货,13,,
RO1038138,SKU1050,已下单,换货,11,,
RO5110186,SKU1201,换货中,换货,15,,
RO5644835,SKU1171,退货中,换货,4,超时未处理,物流
RO5236990,SKU1120,已完成,仅退款,1,,
RO4968471,SKU1200,已下单,换货,11,,
RO6112212,SKU1015,退货中,退货,14,库存不符,商家
RO3818205,SKU1287,已完成,换货,9,,
RO5043036,SKU1140,已完成,退货,5,,
RO7692068,SKU1297,换货中,退货,10,,
RO5676904,SKU1134,已下单,换货,13,,
RO2457615,SKU1080,已完成,退货,6,拒收,物流
RO5134011,SKU1232,已完成,换货,13,,
RO5412912,SKU1011,已发货,换货,3,,
RO1083078,SKU1221,已发货,退货,1,,
RO6680125,SKU1000,已发货,仅退款,10,,
RO5685076,SKU1000,已下单,退货,12,,
RO5918795,SKU1230,换货中,仅退款,8,,
RO2463002,SKU1031,已完成,换货,3,,
RO8219284,SKU1122,换货中,换货,6,,
RO8816621,SKU1247,已发货,换货,4,,
RO8608889,SKU1240,已下单,换货,15,,
RO3325796,SKU1009,已完成,换货,2,超时未处理,客服
RO4439332,SKU1160,已下单,仅退款,13,,
RO7773407,SKU1050,已发货,换货,11,,
RO8851423,SKU1040,已发货,仅退款,10,,
RO1639018,SKU1220,换货中,仅退款,15,拒收,客服
RO6228653,SKU1084,已完成,仅退款,11,超时未处理,仓储
RO7215350,SKU1107,退货中,退货,1,,
RO1590106,SKU1020,已完成,退货,3,物流异常,仓储
RO8956959,SKU1229,已下单,仅退款,15,拒收,物流
RO2155124,SKU1103,退货中,退货,9,,
RO8714483,SKU1020,已完成,仅退款,8,,
RO1903377,SKU1001,退货中,换货,10,拒收,物流
RO8703907,SKU1037,已下单,换货,12,,
RO8183749,SKU1188,已发货,仅退款,7,,
RO7473317,SKU1298,已下单,仅退款,15,,
RO8139203,SKU1136,已发货,退货,14,,
RO3329584,SKU1206,已发货,退货,6,,
RO3885975,SKU1035,已发货,仅退款,6,,
RO5768498,SKU1237,换货中,仅退款,12,,
RO7363775,SKU1083,已发货,退货,2,,
RO7734432,SKU1067,已完成,退货,12,,
RO2038890,SKU1019,换货中,换货,13,,
RO3322292,SKU1113,已发货,退货,2,库存不符,客服
RO1341324,SKU1001,已下单,仅退款,6,库存不符,客服
RO1778947,SKU1245,换货中,换货,15,拒收,仓储
RO1267498,SKU1174,已发货,换货,9,,
RO2954386,SKU1285,已完成,退货,13,,
RO1171308,SKU1002,已完成,仅退款,15,物流异常,客服
RO3039234,SKU1001,已发货,换货,9,,
RO6905827,SKU1160,已发货,换货,13,,
RO1333031,SKU1277,已下单,退货,6,,
RO7130194,SKU1056,已发货,退货,8,,
RO4418741,SKU1280,退货中,换货,1,拒收,物流
RO5327712,SKU1115,换货中,换货,12,,
RO2881808,SKU1247,已发货,退货,9,,
RO8364163,SKU1209,已发货,换货,12,库存不符,商家
RO3092212,SKU1030,已发货,退货,7,,
RO6379178,SKU1026,退货中,退货,2,,
RO2340406,SKU1132,已完成,换货,5,,
RO1553899,SKU1081,换货中,退货,12,,
RO1552606,SKU1128,已下单,仅退款,5,,
RO7636269,SKU1253,已完成,退货,11,,
RO1201605,SKU1284,已下单,换货,3,库存不符,商家
RO1444023,SKU1128,已发货,仅退款,6,,
RO2003864,SKU1087,已下单,换货,9,,
RO3288487,SKU1054,换货中,换货,9,超时未处理,仓储
RO4987820,SKU1055,已下单,仅退款,12,超时未处理,商家
RO2007394,SKU1299,已完成,仅退款,12,,
RO8756058,SKU1141,退货中,换货,13,库存不符,客服
RO6953363,SKU1098,已发货,退货,12,超时未处理,物流
RO5820335,SKU1108,已完成,退货,8,,
RO4471580,SKU1030,已发货,仅退款,13,,
RO3533296,SKU1030,已发货,仅退款,13,,
RO5816531,SKU1248,已完成,退货,13,拒收,客服
RO8238318,SKU1173,已发货,换货,14,物流异常,客服
RO2164089,SKU1024,已完成,换货,10,,
RO1466666,SKU1174,已完成,换货,13,,
RO2111122,SKU1240,已发货,换货,14,,
RO5714988,SKU1252,已发货,退货,2,,
RO2543375,SKU1029,已发货,退货,11,,
RO8141569,SKU1052,已发货,换货,8,,
RO4502007,SKU1241,退货中,退货,8,,
RO1443780,SKU1229,退货中,退货,11,库存不符,仓储
RO2193207,SKU1221,退货中,退货,15,,
RO4443988,SKU1077,已下单,仅退款,3,,
RO3534862,SKU1076,已发货,换货,7,,
RO3495761,SKU1197,已发货,换货,12,超时未处理,仓储
RO5459181,SKU1077,换货中,仅退款,7,,
RO7018213,SKU1268,换货中,退货,12,,
RO1183187,SKU1011,换货中,仅退款,12,拒收,物流
RO5336722,SKU1125,已完成,仅退款,11,,
RO5640636,SKU1031,退货中,退货,11,,
RO8734050,SKU1199,已下单,退货,10,,
RO7260621,SKU1101,已下单,退货,10,,
RO8265661,SKU1025,退货中,仅退款,12,库存不符,客服
RO3057864,SKU1098,已下单,仅退款,3,,
RO8793299,SKU1015,已完成,退货,13,,
RO1437189,SKU1298,已发货,换货,9,,
RO2191511,SKU1003,已完成,换货,9,超时未处理,物流
RO2829803,SKU1129,已发货,退货,7,,
RO1516596,SKU1238,换货中,仅退款,12,库存不符,仓储
RO4546795,SKU1209,已发货,退货,12,,
RO8373195,SKU1031,退货中,仅退款,5,超时未处理,物流
RO2005613,SKU1056,退货中,换货,9,,
RO7704566,SKU1114,已下单,退货,15,,
RO5610185,SKU1072,已下单,换货,9,拒收,商家
RO2419492,SKU1102,已发货,换货,11,,
RO2584290,SKU1235,退货中,仅退款,12,,
RO1506311,SKU1028,退货中,仅退款,9,,
RO1247905,SKU1280,已完成,退货,5,,
RO2504332,SKU1123,已下单,仅退款,4,物流异常,物流
RO3652814,SKU1100,已下单,仅退款,5,,
RO4947315,SKU1030,已完成,退货,11,库存不符,商家
RO7329175,SKU1105,已完成,退货,11,,
RO7412196,SKU1290,已下单,换货,4,,
RO4816138,SKU1061,已完成,退货,4,,
RO3043077,SKU1047,退货中,退货,11,,
RO5156277,SKU1157,换货中,换货,12,,
RO5356225,SKU1066,已发货,退货,7,,
RO4664575,SKU1220,退货中,退货,7,,
RO5709070,SKU1234,退货中,退货,14,库存不符,物流
RO6968230,SKU1057,退货中,退货,2,,
RO6656453,SKU1266,已发货,换货,12,,
RO4279827,SKU1008,已完成,退货,3,,
RO3375212,SKU1081,换货中,换货,5,,
RO2692701,SKU1042,已发货,仅退款,6,,
RO1951790,SKU1051,已发货,退货,10,,
RO6141936,SKU1173,已完成,仅退款,10,,
RO2292378,SKU1186,已完成,换货,4,,
RO8440510,SKU1109,已发货,换货,5,,
RO4918820,SKU1013,已下单,换货,7,,
RO5313554,SKU1162,退货中,仅退款,14,,
RO6694498,SKU1139,已完成,换货,13,,
RO5340829,SKU1035,换货中,仅退款,1,,
RO1805797,SKU1273,换货中,退货,4,,
RO6360968,SKU1081,退货中,仅退款,5,物流异常,商家
RO1394649,SKU1192,换货中,退货,14,,
RO6686274,SKU1174,已完成,仅退款,4,,
RO6665208,SKU1179,退货中,退货,9,,
RO4141002,SKU1211,退货中,仅退款,1,拒收,客服
RO2239646,SKU1042,退货中,仅退款,6,,
RO1846673,SKU1214,已发货,换货,7,,
RO8646121,SKU1294,退货中,换货,11,,
RO8153613,SKU1051,已发货,换货,2,,
RO5322517,SKU1296,换货中,退货,10,,
RO6488124,SKU1168,已完成,换货,15,,
RO2243498,SKU1030,已发货,换货,10,,
RO6131746,SKU1139,已发货,退货,3,物流异常,仓储
RO7663732,SKU1274,已发货,退货,15,,
RO7905739,SKU1295,换货中,仅退款,10,,
RO2083139,SKU1172,退货中,换货,4,超时未处理,物流
RO8575908,SKU1044,退货中,换货,3,,
RO6903359,SKU1144,已完成,退货,2,,
RO5836515,SKU1266,换货中,退货,15,拒收,物流
RO8150307,SKU1036,退货中,仅退款,15,超时未处理,物流
RO6618372,SKU1082,已下单,仅退款,6,,
RO8024083,SKU1064,换货中,换货,5,,
RO5322220,SKU1040,退货中,退货,14,,
RO3424622,SKU1293,已发货,退货,15,,
RO1070250,SKU1199,换货中,退货,10,,
RO7642695,SKU1069,已完成,退货,9,超时未处理,客服
RO1106822,SKU1261,换货中,仅退款,10,超时未处理,商家
RO1587360,SKU1176,退货中,仅退款,7,,
RO2318263,SKU1006,换货中,仅退款,10,,
RO5137643,SKU1097,已完成,退货,4,,
RO8407865,SKU1286,已发货,仅退款,12,拒收,物流
RO4981135,SKU1013,退货中,换货,4,,
RO2546765,SKU1168,已发货,退货,11,,
RO1209437,SKU1099,已完成,换货,13,,
RO4486000,SKU1044,退货中,仅退款,5,拒收,物流
RO8006213,SKU1109,已完成,退货,3,拒收,客服
RO2280527,SKU1195,已完成,仅退款,4,,
RO3554010,SKU1061,换货中,仅退款,1,,
RO8735686,SKU1115,已下单,仅退款,15,,
RO1213745,SKU1133,已发货,仅退款,1,,
RO4575340,SKU1199,换货中,退货,15,,
RO8163050,SKU1016,已发货,退货,11,,
RO4201106,SKU1205,退货中,换货,9,,
RO4671047,SKU1253,退货中,换货,7,库存不符,商家
RO5725495,SKU1153,已发货,换货,9,,
RO3009382,SKU1026,已下单,仅退款,8,物流异常,客服
RO5261487,SKU1045,退货中,仅退款,15,,
RO2827541,SKU1025,已发货,换货,1,库存不符,商家
RO3243091,SKU1066,换货中,退货,11,,
RO2518674,SKU1133,退货中,换货,14,拒收,仓储
RO7035316,SKU1118,换货中,换货,1,,
RO7593041,SKU1043,已下单,换货,14,,
RO1924654,SKU1231,已下单,换货,12,,
RO7218576,SKU1195,已完成,退货,15,超时未处理,客服
RO8688832,SKU1146,已发货,仅退款,13,物流异常,客服
RO6661980,SKU1180,换货中,换货,8,,
RO1583885,SKU1132,退货中,仅退款,9,,
RO4292714,SKU1240,已发货,退货,14,,
RO1024225,SKU1134,已完成,换货,7,,
RO3862101,SKU1067,退货中,仅退款,3,,
RO2439665,SKU1158,已发货,仅退款,1,,
RO1108207,SKU1140,退货中,仅退款,4,超时未处理,客服
RO8528077,SKU1219,已完成,换货,14,超时未处理,客服
RO6874528,SKU1002,已下单,仅退款,8,,
RO1997974,SKU1019,换货中,换货,1,,
RO6767396,SKU1036,已发货,换货,10,,
RO2923199,SKU1166,已完成,仅退款,5,,
RO8076513,SKU1064,已完成,退货,7,,
RO4477649,SKU1033,退货中,退货,2,超时未处理,客服
RO4433224,SKU1252,已发货,退货,9,,
RO1659202,SKU1108,已下单,换货,6,,
RO4030333,SKU1274,已发货,仅退款,12,,
RO2111949,SKU1008,退货中,换货,6,拒收,商家
RO1403980,SKU1118,已下单,换货,9,,
RO7910058,SKU1007,退货中,退货,4,,
RO5988527,SKU1245,换货中,退货,1,超时未处理,物流
RO4672769,SKU1175,已下单,仅退款,9,超时未处理,商家
RO4935754,SKU1250,已发货,换货,6,,
RO1609406,SKU1228,已完成,仅退款,15,,
RO6395838,SKU1072,已完成,退货,1,,
RO4397021,SKU1015,已完成,换货,7,,
RO1150526,SKU1289,已下单,退货,3,,
RO2511834,SKU1224,已发货,退货,5,库存不符,商家
RO3534437,SKU1256,退货中,退货,2,,
RO5863319,SKU1281,换货中,退货,2,,
RO8727221,SKU1275,已发货,退货,6,,
RO3506079,SKU1009,退货中,换货,2,,
RO5740926,SKU1075,已发货,换货,1,,
RO7059608,SKU1015,换货中,仅退款,3,,
RO8611651,SKU1261,退货中,换货,5,,
RO8729064,SKU1201,已发货,换货,6,,
RO5090558,SKU1298,已完成,仅退款,4,,
RO3657590,SKU1128,换货中,换货,5,,
RO5911776,SKU1122,已下单,换货,4,,
RO4710901,SKU1206,已下单,仅退款,14,,
RO8648387,SKU1196,换货中,换货,2,,
RO8350358,SKU1134,已发货,退货,11,,
RO2482701,SKU1040,换货中,仅退款,2,,
RO4696809,SKU1290,已下单,仅退款,10,,
RO3055174,SKU1207,换货中,退货,1,,
RO7306709,SKU1036,换货中,换货,5,,
RO5696875,SKU1220,退货中,仅退款,1,,
RO8874583,SKU1004,已发货,仅退款,1,,
RO8945259,SKU1051,已发货,退货,6,物流异常,商家
RO1265247,SKU1025,换货中,换货,12,,
RO5337726,SKU1021,已下单,仅退款,2,,
RO3753232,SKU1011,退货中,退货,7,,
RO7686659,SKU1264,已完成,仅退款,15,,
RO2272510,SKU1278,换货中,仅退款,7,,
RO5022542,SKU1021,已发货,换货,15,,
RO5374806,SKU1126,已完成,退货,6,超时未处理,物流
RO5021273,SKU1248,已完成,退货,4,,
RO1610559,SKU1123,已发货,退货,15,,
RO8761002,SKU1034,已发货,换货,6,,
RO7442482,SKU1004,已完成,退货,14,,
RO6252307,SKU1232,已完成,换货,6,,
RO5703283,SKU1140,换货中,换货,10,物流异常,物流
RO5268389,SKU1140,已发货,换货,2,,
RO6584630,SKU1297,已发货,仅退款,1,,
RO7600837,SKU1292,已发货,仅退款,7,,
RO6898250,SKU1276,已发货,仅退款,13,拒收,商家
RO7647715,SKU1299,已发货,换货,8,,
RO6692993,SKU1098,退货中,仅退款,12,,
RO6987458,SKU1063,已下单,仅退款,1,,
RO3910077,SKU1279,退货中,换货,15,拒收,物流
RO3809201,SKU1247,换货中,换货,4,,
RO4030782,SKU1096,已下单,换货,14,,
RO2536319,SKU1027,退货中,退货,10,,
RO6109252,SKU1187,已下单,换货,13,,
RO7753684,SKU1165,换货中,退货,15,,
RO4269529,SKU1002,退货中,退货,9,,
RO3992496,SKU1228,退货中,仅退款,9,,
RO1704610,SKU1041,退货中,换货,6,,
RO7151884,SKU1057,已下单,仅退款,13,,
RO2595072,SKU1250,退货中,换货,7,,
RO3500528,SKU1177,退货中,换货,8,,
RO7387759,SKU1042,已发货,仅退款,4,,
RO7079224,SKU1293,已发货,换货,6,,
RO7812705,SKU1011,已发货,仅退款,9,,
RO7409005,SKU1286,已完成,仅退款,12,超时未处理,仓储
RO3171609,SKU1268,已发货,换货,4,,
RO1693841,SKU1207,换货中,换货,8,,
RO8277770,SKU1192,已完成,换货,7,,
RO8855501,SKU1234,换货中,换货,8,,
RO7564699,SKU1278,换货中,仅退款,14,,
RO8821694,SKU1286,已发货,换货,5,,
RO8378668,SKU1124,退货中,退货,6,物流异常,物流
RO7604943,SKU1052,已发货,仅退款,12,,
RO7843914,SKU1073,换货中,退货,9,,
RO4857540,SKU1199,已下单,退货,14,,
RO6722993,SKU1160,已完成,退货,4,库存不符,物流
RO8946296,SKU1225,已完成,仅退款,3,,
RO7969689,SKU1097,已下单,换货,5,,
RO2244127,SKU1139,已发货,退货,9,,
RO5259102,SKU1131,已下单,换货,3,,
RO7096720,SKU1299,已下单,仅退款,12,,
RO4647207,SKU1018,已发货,换货,6,,
RO7425132,SKU1251,已完成,退货,14,,
RO4271453,SKU1176,已发货,仅退款,4,库存不符,商家
RO7609365,SKU1123,已下单,退货,7,,
RO6452696,SKU1196,已发货,换货,13,,
RO3534231,SKU1224,已下单,换货,15,,
RO7005496,SKU1202,退货中,退货,9,,
RO1899663,SKU1068,已下单,换货,2,物流异常,商家
RO5691742,SKU1255,已完成,退货,8,,
RO4043093,SKU1092,换货中,退货,10,,
RO7435075,SKU1202,退货中,仅退款,13,,
RO1463170,SKU1033,换货中,仅退款,5,,
RO6284702,SKU1084,已发货,换货,3,,
RO1009736,SKU1275,已完成,退货,14,,
RO1831594,SKU1038,已发货,仅退款,3,,
RO5992896,SKU1084,已下单,仅退款,3,,
RO6927991,SKU1299,已发货,退货,3,拒收,商家
RO5454452,SKU1254,退货中,退货,10,,
RO3226646,SKU1233,换货中,退货,8,,
RO1924488,SKU1223,已发货,仅退款,8,,
RO5497132,SKU1065,已发货,退货,11,库存不符,商家
RO6140764,SKU1281,已发货,退货,10,,
RO7803725,SKU1245,已下单,仅退款,15,,
RO6062371,SKU1251,已下单,退货,11,物流异常,商家
RO6598794,SKU1030,已下单,退货,5,,
RO6754236,SKU1069,退货中,退货,5,,
RO7556695,SKU1282,退货中,退货,7,超时未处理,物流
RO7669612,SKU1119,换货中,退货,7,库存不符,客服
RO3216455,SKU1235,已发货,退货,7,,
RO4401159,SKU1101,已完成,仅退款,7,,
RO5950617,SKU1261,退货中,退货,5,,
RO5564063,SKU1239,换货中,仅退款,6,,
RO2550514,SKU1187,已下单,换货,2,,
RO5965179,SKU1012,换货中,退货,14,,
RO2454773,SKU1059,已发货,仅退款,15,,
RO3635437,SKU1044,已下单,仅退款,4,,
RO3639461,SKU1029,已下单,退货,7,,
RO6862246,SKU1052,换货中,退货,3,,
RO2999764,SKU1289,已发货,换货,13,,
RO3734453,SKU1246,已下单,仅退款,6,,
RO2415771,SKU1083,已发货,换货,15,,
RO5524426,SKU1088,换货中,退货,6,,
RO1307957,SKU1125,退货中,退货,7,拒收,仓储
RO8935563,SKU1151,已完成,退货,1,,
RO2964404,SKU1145,已完成,退货,6,,
RO8387606,SKU1023,已完成,仅退款,5,,
RO2006194,SKU1073,已发货,仅退款,9,物流异常,仓储
RO7604536,SKU1103,换货中,换货,11,拒收,仓储
RO6830570,SKU1159,换货中,仅退款,3,,
RO6292966,SKU1284,已完成,仅退款,12,物流异常,商家
RO5290191,SKU1066,已下单,退货,10,,
RO7628499,SKU1143,已完成,退货,11,,
RO5009789,SKU1131,已完成,退货,8,,
RO7945910,SKU1024,换货中,退货,14,,
RO6669564,SKU1057,已下单,换货,1,,
RO3584592,SKU1036,已下单,仅退款,14,,
RO4728792,SKU1250,已发货,退货,13,超时未处理,物流
RO1083423,SKU1272,换货中,换货,5,,
RO1752804,SKU1232,已发货,换货,13,库存不符,仓储
RO2412310,SKU1083,已发货,仅退款,5,,
RO3374597,SKU1020,已下单,仅退款,3,,
RO2501250,SKU1011,换货中,仅退款,15,,
RO2603486,SKU1230,已发货,换货,6,物流异常,物流
RO1134678,SKU1238,已下单,退货,5,,
RO3265512,SKU1216,退货中,退货,3,,
RO1855202,SKU1185,换货中,退货,9,,
RO3618191,SKU1157,已下单,仅退款,6,,
RO1616595,SKU1129,退货中,换货,1,,
RO6919229,SKU1100,已发货,换货,9,,
RO3742117,SKU1290,已完成,仅退款,11,,
RO5086907,SKU1235,换货中,换货,7,,
RO2468562,SKU1028,换货中,退货,7,,
RO8624789,SKU1037,已发货,退货,13,,
RO4004399,SKU1258,已下单,仅退款,10,,
RO4557646,SKU1209,已下单,换货,11,,
RO3025152,SKU1201,已完成,退货,6,,
RO1433124,SKU1291,已发货,仅退款,1,,
RO8650102,SKU1254,换货中,仅退款,2,,
RO6555558,SKU1225,已下单,换货,10,超时未处理,仓储
RO2694876,SKU1223,退货中,换货,1,,
RO4232164,SKU1195,退货中,仅退款,15,,
RO1053784,SKU1110,换货中,换货,8,,
RO4187579,SKU1245,已下单,退货,6,,
RO3896670,SKU1224,已发货,换货,15,,
RO2003676,SKU1245,已发货,退货,12,,
RO2628901,SKU1091,已下单,退货,9,库存不符,商家
RO1743065,SKU1204,换货中,仅退款,13,,
RO6786931,SKU1050,换货中,退货,7,,
RO7460935,SKU1153,已下单,仅退款,8,,
RO2079113,SKU1069,已下单,仅退款,7,,
RO1765613,SKU1272,换货中,仅退款,13,,
RO6536897,SKU1177,已发货,换货,9,超时未处理,仓储
RO4183916,SKU1128,换货中,退货,15,,
RO6348920,SKU1015,已下单,仅退款,3,,
RO5612107,SKU1283,已下单,退货,7,,
RO2561707,SKU1030,已完成,换货,11,,
RO6533115,SKU1215,已完成,退货,4,,
RO6910655,SKU1062,已完成,退货,1,,
RO5924569,SKU1249,已发货,仅退款,9,,
RO6135101,SKU1270,换货中,退货,6,库存不符,仓储
RO7109682,SKU1299,已下单,退货,8,,
RO2987289,SKU1264,退货中,仅退款,10,库存不符,物流
RO2718953,SKU1199,已完成,退货,14,,
RO3501588,SKU1082,已完成,换货,6,,
RO1641458,SKU1077,退货中,退货,10,,
RO4231062,SKU1002,已下单,仅退款,9,,
RO3246542,SKU1121,换货中,换货,14,,
RO7539378,SKU1170,已发货,退货,12,,
RO8835404,SKU1260,已完成,换货,5,,
RO8945326,SKU1014,换货中,仅退款,4,物流异常,物流
RO6475578,SKU1194,换货中,换货,7,拒收,仓储
RO3038767,SKU1242,已下单,退货,15,,
RO7904454,SKU1098,退货中,仅退款,13,,
RO3035461,SKU1272,已下单,退货,11,,
RO7823841,SKU1066,已下单,退货,11,,
RO5546030,SKU1178,已发货,换货,2,,
RO8211343,SKU1206,已完成,退货,11,,
RO4546622,SKU1107,已完成,换货,2,,
RO2934547,SKU1291,已发货,换货,14,,
RO6391934,SKU1209,已完成,退货,5,,
RO5531034,SKU1076,已下单,换货,2,,
RO4542135,SKU1032,换货中,换货,12,,
RO8261419,SKU1198,已发货,仅退款,14,,
RO4634513,SKU1095,已完成,换货,9,,
RO8882469,SKU1045,已下单,退货,1,物流异常,仓储
RO6617668,SKU1071,已发货,换货,5,,
RO1660240,SKU1217,已发货,换货,8,物流异常,客服
RO6259279,SKU1143,已完成,换货,10,,
RO2467057,SKU1071,退货中,仅退款,2,,
RO6569471,SKU1185,已完成,仅退款,4,,
RO3432272,SKU1202,已下单,换货,10,,
RO1949600,SKU1200,换货中,退货,4,,
RO4973951,SKU1100,已发货,换货,4,库存不符,客服
RO8192479,SKU1214,已发货,换货,11,,
RO7274628,SKU1229,已完成,换货,5,超时未处理,客服
RO2869669,SKU1255,已下单,仅退款,9,物流异常,物流
RO6736908,SKU1225,已发货,换货,11,拒收,商家
RO3796489,SKU1011,换货中,换货,5,,
RO6616491,SKU1016,退货中,换货,13,,
RO6798364,SKU1276,已完成,换货,6,,
RO8039118,SKU1107,换货中,仅退款,1,,
RO8311922,SKU1065,换货中,仅退款,10,超时未处理,物流
RO1193766,SKU1047,已下单,退货,8,物流异常,仓储
RO4467874,SKU1100,换货中,退货,5,,
RO1730873,SKU1292,退货中,仅退款,2,,
RO7062759,SKU1165,已下单,退货,9,,
RO1608996,SKU1285,退货中,仅退款,13,,
RO1537572,SKU1208,已完成,换货,6,,
RO6287872,SKU1009,已完成,退货,14,,
RO6121971,SKU1177,退货中,换货,5,,
RO8639592,SKU1131,已完成,换货,15,,
RO4487515,SKU1226,已下单,退货,8,,
RO6151922,SKU1090,已下单,退货,15,物流异常,商家
RO2638974,SKU1267,已下单,换货,11,,
RO5729438,SKU1031,已完成,换货,8,,
RO2544098,SKU1280,已完成,退货,1,,
RO6485055,SKU1088,已发货,仅退款,1,超时未处理,仓储
RO2912904,SKU1284,退货中,退货,11,,
RO7470557,SKU1237,已下单,退货,1,,
RO7361253,SKU1286,已完成,仅退款,13,,
RO4723749,SKU1139,已发货,仅退款,9,,
RO7626412,SKU1046,已完成,换货,14,,
RO4375114,SKU1237,换货中,退货,2,超时未处理,客服
RO3211581,SKU1022,已发货,仅退款,2,,
RO5736394,SKU1029,已完成,仅退款,10,,
RO8593645,SKU1046,已下单,换货,4,,
RO4274525,SKU1276,换货中,仅退款,8,库存不符,仓储
RO1143579,SKU1013,已发货,仅退款,5,,
RO3670395,SKU1159,换货中,退货,1,,
RO3097866,SKU1138,退货中,退货,7,库存不符,商家
RO3601571,SKU1024,退货中,退货,6,,
RO8400338,SKU1185,已发货,换货,4,,
RO7938540,SKU1241,已发货,退货,13,,
RO7549340,SKU1106,已完成,换货,2,,
RO6850513,SKU1151,已完成,换货,15,,
RO5165091,SKU1150,换货中,仅退款,14,,
RO1333617,SKU1208,退货中,仅退款,11,,
RO7054347,SKU1195,已完成,换货,3,,
RO7009028,SKU1142,已发货,换货,4,,
RO5915780,SKU1110,已完成,换货,6,,
RO4668970,SKU1009,已完成,退货,2,,
RO2245669,SKU1228,已完成,仅退款,3,,
RO4399376,SKU1130,退货中,换货,13,,
RO5682096,SKU1068,换货中,仅退款,5,,
RO5314603,SKU1293,已发货,退货,5,超时未处理,商家
RO6598154,SKU1242,已完成,仅退款,12,拒收,客服
RO4571688,SKU1181,退货中,仅退款,1,,
RO3548072,SKU1149,换货中,仅退款,3,,
RO2614088,SKU1241,退货中,仅退款,10,,
RO7954049,SKU1073,已完成,换货,15,,
RO2009678,SKU1162,已下单,退货,12,,
RO7428194,SKU1014,已下单,退货,10,,
RO6828511,SKU1156,已完成,换货,7,,
RO5384528,SKU1002,换货中,换货,4,,
RO2595293,SKU1247,已完成,退货,4,超时未处理,仓储
RO7113376,SKU1225,退货中,仅退款,15,,
RO4014624,SKU1039,已完成,换货,10,,
RO1633212,SKU1078,已完成,退货,14,超时未处理,商家
RO1646105,SKU1095,退货中,退货,14,,
RO3223942,SKU1282,已完成,换货,8,,
RO7594723,SKU1295,退货中,退货,13,,
RO3702401,SKU1118,换货中,换货,9,,
RO7153280,SKU1208,已完成,换货,7,,
RO2295348,SKU1220,已下单,仅退款,10,物流异常,仓储
RO5626866,SKU1154,退货中,换货,12,,
RO8110556,SKU1183,换货中,仅退款,6,,
RO8691251,SKU1290,已下单,退货,10,,
RO6791558,SKU1047,换货中,仅退款,1,,
