航班号,城市,航司,计划时效h,实际时效h,异常类型,责任方
FL100000,"Charleston, SC",9E,2.0,1.9,,
FL100001,"Charlottesville, VA",9E,1.8,1.7,,
FL100002,"Norfolk, VA",9E,1.4,2.5,延误,空管
FL100003,"New York, NY",9E,3.3,3.2,延误,航司
FL100004,"Charlotte, NC",9E,2.1,1.7,,
FL100005,"Fayetteville, AR",9E,1.9,1.7,,
FL100006,"Charleston, SC",9E,2.0,1.9,,
FL100007,"Atlanta, GA",9E,1.2,1.0,,
FL100008,"New York, NY",9E,2.4,2.1,,
FL100009,"New York, NY",9E,2.3,2.3,,
FL100010,"New York, NY",9E,1.3,1.2,,
FL100011,"New York, NY",9E,2.3,1.8,,
FL100012,"Charleston, SC",9E,2.0,0.0,取消,
FL100013,"Minneapolis, MN",9E,2.0,2.2,,
FL100014,"New York, NY",9E,2.1,1.9,,
FL100015,"Pittsburgh, PA",9E,2.3,2.8,延误,空管
FL100016,"Atlanta, GA",9E,1.2,1.1,,
FL100017,"Detroit, MI",9E,1.1,1.0,延误,前序航班晚到
FL100018,"New York, NY",9E,2.0,1.7,,
FL100019,"Knoxville, TN",9E,1.7,1.6,,
FL100020,"Myrtle Beach, SC",9E,1.9,1.7,,
FL100021,"Atlanta, GA",9E,1.6,1.4,,
FL100022,"Cleveland, OH",9E,1.8,1.5,延误,前序航班晚到
FL100023,"Omaha, NE",9E,1.3,1.3,,
FL100024,"Detroit, MI",9E,1.2,1.3,,
FL100025,"Appleton, WI",9E,1.3,1.4,,
FL100026,"New York, NY",9E,1.2,0.8,,
FL100027,"New York, NY",9E,1.6,1.2,延误,航司
FL100028,"New York, NY",9E,1.5,1.4,,
FL100029,"Raleigh/Durham, NC",9E,1.6,1.6,,
FL100030,"New York, NY",9E,1.4,1.1,,
FL100031,"Washington, DC",9E,1.3,1.4,,
FL100032,"New York, NY",9E,1.4,1.4,,
FL100033,"Atlanta, GA",9E,1.0,0.7,,
FL100034,"New York, NY",9E,1.6,1.1,,
FL100035,"Cincinnati, OH",9E,1.5,1.3,,
FL100036,"Syracuse, NY",9E,1.3,1.0,,
FL100037,"Atlanta, GA",9E,1.6,1.5,,
FL100038,"Minneapolis, MN",9E,1.8,2.1,延误,航司
FL100039,"Atlanta, GA",9E,0.9,0.7,,
FL100040,"White Plains, NY",9E,2.4,2.2,,
FL100041,"Bangor, ME",9E,1.6,1.4,延误,航司
FL100042,"Dallas/Fort Worth, TX",AA,1.5,1.3,,
FL100043,"Philadelphia, PA",AA,3.6,3.3,,
FL100044,"Los Angeles, CA",AA,3.1,3.2,,
FL100045,"Seattle, WA",AA,2.9,2.8,,
FL100046,"Dallas/Fort Worth, TX",AA,3.5,3.5,,
FL100047,"Oklahoma City, OK",AA,1.1,1.1,,
FL100048,"Phoenix, AZ",AA,2.9,3.0,,
FL100049,"Charlotte, NC",AA,2.0,1.7,,
FL100050,"Dallas/Fort Worth, TX",AA,3.4,3.2,,
FL100051,"Miami, FL",AA,3.1,3.5,延误,空管
FL100052,"Charleston, SC",AA,3.0,2.8,,
FL100053,"Washington, DC",AA,1.6,1.4,,
FL100054,"Bakersfield, CA",AA,3.1,3.6,延误,空管
FL100055,"Los Angeles, CA",AA,4.2,3.9,,
FL100056,"Dallas/Fort Worth, TX",AA,3.0,2.8,,
FL100057,"El Paso, TX",AA,1.8,1.7,延误,前序航班晚到
FL100058,"Philadelphia, PA",AA,4.3,4.2,,
FL100059,"Charlotte, NC",AA,1.7,1.7,延误,前序航班晚到
FL100060,"New York, NY",AA,3.3,3.0,,
FL100061,"Charlotte, NC",AA,1.4,1.4,,
FL100062,"San Juan, PR",AA,3.8,4.0,,
FL100063,"Albany, NY",AA,2.2,2.0,,
FL100064,"Pittsburgh, PA",AA,3.0,2.8,,
FL100065,"Charlotte, NC",AA,1.5,1.0,延误,航司
FL100066,"Charlotte, NC",AA,0.9,1.3,延误,航司
FL100067,"Charlotte, NC",AA,0.9,0.8,,
FL100068,"Oklahoma City, OK",AA,2.6,2.5,,
FL100069,"Las Vegas, NV",AA,4.5,4.1,,
FL100070,"San Diego, CA",AA,3.1,3.1,延误,航司
FL100071,"Los Angeles, CA",AA,3.1,3.0,延误,前序航班晚到
FL100072,"Los Angeles, CA",AA,4.8,5.0,,
FL100073,"Charlotte, NC",AA,2.2,2.8,延误,前序航班晚到
FL100074,"Hartford, CT",AA,2.6,2.5,延误,前序航班晚到
FL100075,"Pensacola, FL",AA,2.1,2.0,,
FL100076,"Charlotte, NC",AA,2.0,1.9,,
FL100077,"Fort Myers, FL",AA,2.1,2.3,,
FL100078,"New York, NY",AA,3.9,3.6,,
FL100079,"Chicago, IL",AA,2.0,2.8,延误,前序航班晚到
FL100080,"San Antonio, TX",AA,2.4,2.4,,
FL100081,"Dallas/Fort Worth, TX",AA,1.6,1.4,,
FL100082,"Dallas/Fort Worth, TX",AA,2.5,2.5,延误,前序航班晚到
FL100083,"Orlando, FL",AA,2.6,2.9,延误,空管
FL100084,"San Antonio, TX",AA,2.9,2.8,延误,前序航班晚到
FL100085,"Charlotte, NC",AA,3.6,3.6,延误,航司
FL100086,"Orlando, FL",AA,3.1,2.9,,
FL100087,"Boston, MA",AA,1.7,1.6,,
FL100088,"Austin, TX",AA,2.8,3.0,,
FL100089,"New Orleans, LA",AA,1.8,1.6,,
FL100090,"Omaha, NE",AA,2.5,2.2,,
FL100091,"Charlotte, NC",AA,5.5,0.0,取消,
FL100092,"Salt Lake City, UT",AA,2.6,2.4,,
FL100093,"Charlotte, NC",AA,4.9,4.6,,
FL100094,"Indianapolis, IN",AA,1.8,2.0,延误,前序航班晚到
FL100095,"Charlotte, NC",AA,1.8,1.7,,
FL100096,"Burbank, CA",AA,1.6,1.7,,
FL100097,"Pittsburgh, PA",AA,1.5,1.3,,
FL100098,"Philadelphia, PA",AA,2.2,1.9,,
FL100099,"Seattle, WA",AA,5.1,4.6,,
FL100100,"Tampa, FL",AA,2.6,2.4,延误,前序航班晚到
FL100101,"Philadelphia, PA",AA,2.2,0.0,取消,
FL100102,"Austin, TX",AA,1.2,1.0,,
FL100103,"Burbank, CA",AA,1.6,1.4,,
FL100104,"Jacksonville, FL",AA,1.5,1.1,,
FL100105,"Buffalo, NY",AA,1.2,1.2,,
FL100106,"Chicago, IL",AA,3.1,2.9,,
FL100107,"Miami, FL",AA,3.1,0.0,取消,
FL100108,"San Diego, CA",AA,3.1,2.9,,
FL100109,"Portland, OR",AA,2.6,2.4,,
FL100110,"Charlotte, NC",AA,1.8,1.6,,
FL100111,"Charlotte, NC",AA,1.9,0.0,取消,
FL100112,"Phoenix, AZ",AA,4.9,5.0,,
FL100113,"Dallas/Fort Worth, TX",AA,3.3,3.1,延误,航司
FL100114,"Charlotte, NC",AA,1.1,1.1,,
FL100115,"Charleston, SC",AA,1.1,1.6,延误,前序航班晚到
FL100116,"Phoenix, AZ",AA,1.3,1.1,延误,前序航班晚到
FL100117,"Seattle, WA",AA,4.0,3.9,,
FL100118,"Charlotte, NC",AA,3.5,3.4,延误,前序航班晚到
FL100119,"San Diego, CA",AA,4.2,3.8,,
FL100120,"Dallas/Fort Worth, TX",AA,3.4,3.2,延误,前序航班晚到
FL100121,"Cleveland, OH",AA,2.9,2.6,,
FL100122,"Charlotte, NC",AA,2.1,2.0,,
FL100123,"Austin, TX",AA,4.1,3.7,,
FL100124,"Dallas/Fort Worth, TX",AA,2.4,2.1,延误,前序航班晚到
FL100125,"Phoenix, AZ",AA,1.9,1.8,,
FL100126,"Charlotte, NC",AA,1.3,1.4,延误,航司
FL100127,"Miami, FL",AA,3.5,3.5,延误,前序航班晚到
FL100128,"Boston, MA",AA,2.4,2.2,,
FL100129,"Phoenix, AZ",AA,1.2,1.4,,
FL100130,"Charlotte, NC",AA,1.6,1.5,延误,前序航班晚到
FL100131,"Miami, FL",AA,3.0,2.6,,
FL100132,"San Francisco, CA",AA,5.8,5.5,,
FL100133,"Charlotte, NC",AA,0.9,0.6,,
FL100134,"Washington, DC",AA,2.1,1.6,,
FL100135,"Washington, DC",AA,1.8,1.7,,
FL100136,"Charlotte, NC",AA,1.3,1.2,,
FL100137,"Dallas/Fort Worth, TX",AA,2.9,2.6,,
FL100138,"Los Angeles, CA",AA,4.8,4.4,,
FL100139,"Boston, MA",AA,6.3,6.2,,
FL100140,"Miami, FL",AA,3.4,3.3,,
FL100141,"Philadelphia, PA",AA,2.4,2.2,,
FL100142,"Charlotte, NC",AA,0.9,0.8,,
FL100143,"Detroit, MI",AA,4.2,3.9,,
FL100144,"Las Vegas, NV",AA,4.4,4.1,,
FL100145,"Miami, FL",AA,3.3,2.8,,
FL100146,"Philadelphia, PA",AA,1.6,1.6,,
FL100147,"Orlando, FL",AA,1.9,1.6,,
FL100148,"Charlotte, NC",AA,2.0,1.8,延误,航司
FL100149,"Madison, WI",AA,2.4,2.4,,
FL100150,"Chicago, IL",AA,1.4,1.6,延误,前序航班晚到
FL100151,"Miami, FL",AA,2.3,2.3,,
FL100152,"Orlando, FL",AA,3.0,2.6,,
FL100153,"New Orleans, LA",AA,1.8,1.6,,
FL100154,"Dallas/Fort Worth, TX",AA,2.9,2.7,延误,航司
FL100155,"Charlotte, NC",AA,2.0,1.8,,
FL100156,"Indianapolis, IN",AA,3.8,3.9,,
FL100157,"Washington, DC",AA,2.4,2.0,,
FL100158,"Washington, DC",AA,2.1,2.0,,
FL100159,"Dallas/Fort Worth, TX",AA,1.3,1.0,,
FL100160,"Philadelphia, PA",AA,5.6,5.2,延误,航司
FL100161,"Phoenix, AZ",AA,4.8,4.3,,
FL100162,"Chicago, IL",AA,4.3,4.3,,
FL100163,"Tulsa, OK",AA,1.3,1.3,,
FL100164,"Miami, FL",AA,2.6,2.5,,
FL100165,"Denver, CO",AA,3.4,3.1,延误,前序航班晚到
FL100166,"Charlotte, NC",AA,2.2,2.1,延误,航司
FL100167,"Dallas/Fort Worth, TX",AA,2.3,0.0,取消,
FL100168,"Washington, DC",AA,3.4,3.3,,
FL100169,"Charlotte Amalie, VI",AA,4.1,0.0,备降,
FL100170,"Charlotte, NC",AA,2.6,2.3,,
FL100171,"Austin, TX",AA,3.1,2.9,,
FL100172,"Philadelphia, PA",AA,3.2,2.8,延误,航司
FL100173,"St. Louis, MO",AA,1.9,2.1,延误,前序航班晚到
FL100174,"Philadelphia, PA",AA,4.0,3.6,,
FL100175,"Portland, OR",AA,3.8,3.6,延误,前序航班晚到
FL100176,"Colorado Springs, CO",AA,1.9,2.1,,
FL100177,"Indianapolis, IN",AA,1.9,1.6,,
FL100178,"Miami, FL",AA,6.0,5.5,延误,前序航班晚到
FL100179,"Nashville, TN",AA,2.3,2.4,,
FL100180,"Richmond, VA",AA,1.4,1.1,,
FL100181,"Philadelphia, PA",AA,1.2,1.1,,
FL100182,"Dallas/Fort Worth, TX",AA,3.3,3.1,,
FL100183,"Minneapolis, MN",AA,1.6,1.2,,
FL100184,"St. Louis, MO",AA,1.9,1.7,,
FL100185,"Dallas/Fort Worth, TX",AA,2.1,1.9,,
FL100186,"Charlotte, NC",AA,1.8,1.7,,
FL100187,"Detroit, MI",AA,1.4,1.7,,
FL100188,"Philadelphia, PA",AA,4.2,3.8,,
FL100189,"Dallas/Fort Worth, TX",AA,2.9,3.0,,
FL100190,"Chicago, IL",AA,2.0,1.8,,
FL100191,"Charlotte, NC",AA,1.4,1.4,延误,航司
FL100192,"Dallas/Fort Worth, TX",AA,2.3,2.0,,
FL100193,"Panama City, FL",AA,2.1,2.2,,
FL100194,"Albuquerque, NM",AA,1.8,1.7,,
FL100195,"Honolulu, HI",AA,7.3,7.0,,
FL100196,"Little Rock, AR",AA,2.1,1.9,,
FL100197,"Charlotte, NC",AA,5.7,5.7,,
FL100198,"Miami, FL",AA,2.2,2.1,,
FL100199,"Miami, FL",AA,1.2,0.8,延误,航司
FL100200,"Miami, FL",AA,3.4,3.3,延误,天气
FL100201,"Grand Rapids, MI",AA,2.7,2.7,,
FL100202,"Boston, MA",AA,2.9,3.6,延误,空管
FL100203,"Dallas/Fort Worth, TX",AA,3.7,3.5,,
FL100204,"Dallas/Fort Worth, TX",AA,2.5,2.2,,
FL100205,"Dallas/Fort Worth, TX",AA,3.2,3.3,,
FL100206,"Phoenix, AZ",AA,1.9,1.8,,
FL100207,"New York, NY",AA,2.6,2.5,,
FL100208,"Portland, ME",AA,2.5,2.1,,
FL100209,"Boston, MA",AA,2.4,2.1,,
FL100210,"Chicago, IL",AA,2.7,2.6,延误,前序航班晚到
FL100211,"Savannah, GA",AA,1.6,1.5,,
FL100212,"Charlotte, NC",AA,2.2,1.8,延误,前序航班晚到
FL100213,"Santa Ana, CA",AA,1.4,1.3,,
FL100214,"Raleigh/Durham, NC",AA,1.4,1.2,,
FL100215,"Phoenix, AZ",AA,4.5,4.1,延误,前序航班晚到
FL100216,"Dallas/Fort Worth, TX",AA,3.0,3.0,延误,航司
FL100217,"Miami, FL",AA,2.8,2.3,,
FL100218,"Washington, DC",AA,2.2,2.1,延误,天气
FL100219,"Washington, DC",AA,3.3,3.0,,
FL100220,"Phoenix, AZ",AA,1.2,1.1,,
FL100221,"Charlotte, NC",AA,1.4,1.3,延误,航司
FL100222,"Charlotte, NC",AA,1.0,0.9,延误,前序航班晚到
FL100223,"Miami, FL",AA,2.8,2.3,,
FL100224,"Cleveland, OH",AA,1.7,1.6,,
FL100225,"Columbus, OH",AA,2.8,2.6,,
FL100226,"Christiansted, VI",AA,3.0,2.9,延误,前序航班晚到
FL100227,"Dallas/Fort Worth, TX",AA,3.4,2.9,,
FL100228,"Charlotte, NC",AA,1.6,1.5,,
FL100229,"Key West, FL",AA,3.0,3.2,延误,天气
FL100230,"Wilmington, NC",AA,1.2,1.1,,
FL100231,"Charlotte, NC",AA,1.9,1.8,,
FL100232,"Dallas/Fort Worth, TX",AA,3.2,3.4,,
FL100233,"Hartford, CT",AA,2.2,1.9,,
FL100234,"Washington, DC",AA,3.5,3.8,延误,前序航班晚到
FL100235,"Philadelphia, PA",AA,2.8,2.7,延误,前序航班晚到
FL100236,"Ontario, CA",AA,3.0,3.2,,
FL100237,"Dallas/Fort Worth, TX",AA,1.3,1.0,,
FL100238,"Chicago, IL",AA,3.2,3.5,延误,空管
FL100239,"Charlotte, NC",AA,2.2,1.9,,
FL100240,"Houston, TX",AA,2.6,0.0,备降,
FL100241,"Washington, DC",AA,2.0,2.6,延误,前序航班晚到
FL100242,"Chicago, IL",AA,2.0,1.8,,
FL100243,"Indianapolis, IN",AA,2.4,2.3,延误,前序航班晚到
FL100244,"Charlotte, NC",AA,1.3,1.3,延误,前序航班晚到
FL100245,"Charlotte, NC",AA,1.1,0.8,,
FL100246,"Phoenix, AZ",AA,4.9,4.7,,
FL100247,"Eugene, OR",AA,2.6,0.0,取消,
FL100248,"Los Angeles, CA",AA,5.2,4.9,,
FL100249,"New York, NY",AA,3.9,3.5,,
FL100250,"Dallas/Fort Worth, TX",AA,2.5,2.5,,
FL100251,"New York, NY",AA,3.2,3.1,,
FL100252,"Seattle, WA",AS,5.5,5.2,,
FL100253,"New York, NY",AS,6.6,6.3,,
FL100254,"Seattle, WA",AS,2.0,2.1,,
FL100255,"Seattle, WA",AS,3.6,3.7,延误,空管
FL100256,"Phoenix, AZ",AS,2.7,2.8,,
FL100257,"Anchorage, AK",AS,3.5,3.5,延误,航司
FL100258,"Seattle, WA",AS,2.8,2.8,,
FL100259,"San Francisco, CA",AS,5.7,5.2,,
FL100260,"Seattle, WA",AS,2.8,3.0,延误,空管
FL100261,"Austin, TX",AS,4.3,4.2,延误,航司
FL100262,"Juneau, AK",AS,0.8,0.8,,
FL100263,"Seattle, WA",AS,2.5,2.8,延误,天气
FL100264,"Anchorage, AK",AS,6.1,6.5,延误,空管
FL100265,"San Diego, CA",AS,5.8,5.1,,
FL100266,"Philadelphia, PA",AS,5.8,6.2,延误,空管
FL100267,"Santa Ana, CA",AS,2.9,3.1,,
FL100268,"Boston, MA",AS,6.1,6.1,,
FL100269,"New York, NY",AS,6.0,6.1,,
FL100270,"Albuquerque, NM",AS,3.2,3.2,,
FL100271,"Phoenix, AZ",AS,5.8,5.5,,
FL100272,"Kona, HI",AS,5.5,5.4,,
FL100273,"Anchorage, AK",AS,3.5,3.7,,
FL100274,"Honolulu, HI",AS,5.6,5.5,,
FL100275,"Cincinnati, OH",AS,5.0,5.0,延误,前序航班晚到
FL100276,"Seattle, WA",AS,2.8,3.1,延误,空管
FL100277,"Orlando, FL",AS,6.2,6.3,,
FL100278,"Salt Lake City, UT",AS,4.9,4.7,,
FL100279,"Portland, OR",AS,2.2,2.2,延误,前序航班晚到
FL100280,"Anchorage, AK",AS,1.7,1.6,延误,航司
FL100281,"Denver, CO",AS,3.0,3.0,延误,前序航班晚到
FL100282,"Phoenix, AZ",AS,5.7,5.7,,
FL100283,"Honolulu, HI",AS,5.5,5.3,,
FL100284,"San Diego, CA",AS,5.6,5.3,,
FL100285,"Seattle, WA",AS,1.1,1.2,,
FL100286,"Columbus, OH",AS,5.1,5.0,延误,前序航班晚到
FL100287,"San Jose, CA",AS,2.1,2.1,,
FL100288,"Seattle, WA",AS,3.1,3.2,,
FL100289,"San Diego, CA",AS,2.9,2.8,,
FL100290,"Seattle, WA",AS,1.8,1.6,,
FL100291,"Bethel, AK",AS,1.3,1.5,,
FL100292,"Las Vegas, NV",AS,1.6,1.9,延误,前序航班晚到
FL100293,"Seattle, WA",AS,2.5,2.7,,
FL100294,"Las Vegas, NV",AS,2.3,2.3,延误,空管
FL100295,"Seattle, WA",AS,2.1,1.9,,
FL100296,"Lihue, HI",AS,5.8,5.8,,
FL100297,"Newark, NJ",AS,6.0,6.5,延误,空管
FL100298,"Boise, ID",AS,1.6,1.6,,
FL100299,"Seattle, WA",AS,4.1,4.0,,
FL100300,"Oakland, CA",AS,2.1,2.2,,
FL100301,"Seattle, WA",AS,5.0,4.7,,
FL100302,"San Jose, CA",AS,2.3,2.1,,
FL100303,"Seattle, WA",AS,4.1,3.9,延误,航司
FL100304,"Anchorage, AK",AS,3.5,3.3,,
FL100305,"Salt Lake City, UT",AS,2.1,2.0,,
FL100306,"New York, NY",B6,2.5,2.3,,
FL100307,"Washington, DC",B6,2.5,2.3,,
FL100308,"Salt Lake City, UT",B6,4.4,4.2,,
FL100309,"Atlanta, GA",B6,2.3,2.0,,
FL100310,"Orlando, FL",B6,2.8,2.8,,
FL100311,"Fort Lauderdale, FL",B6,3.0,2.7,,
FL100312,"Washington, DC",B6,2.7,2.3,,
FL100313,"Buffalo, NY",B6,1.5,1.3,,
FL100314,"New York, NY",B6,6.2,5.8,,
FL100315,"Aguadilla, PR",B6,3.9,3.8,,
FL100316,"New York, NY",B6,3.2,2.9,,
FL100317,"Orlando, FL",B6,1.8,1.7,,
FL100318,"Orlando, FL",B6,2.7,2.5,,
FL100319,"Tampa, FL",B6,2.8,2.9,,
FL100320,"Dallas/Fort Worth, TX",B6,3.7,4.2,延误,航司
FL100321,"Boston, MA",B6,2.9,2.7,,
FL100322,"San Antonio, TX",B6,4.1,4.1,,
FL100323,"Boston, MA",B6,3.5,2.9,延误,航司
FL100324,"Boston, MA",B6,1.3,1.0,,
FL100325,"Fort Lauderdale, FL",B6,2.3,0.0,取消,
FL100326,"San Diego, CA",B6,5.7,5.4,,
FL100327,"New York, NY",B6,3.8,3.6,,
FL100328,"Las Vegas, NV",B6,4.7,4.6,延误,航司
FL100329,"Newark, NJ",B6,3.0,2.6,,
FL100330,"Miami, FL",B6,3.5,3.3,,
FL100331,"Hartford, CT",B6,3.1,3.0,,
FL100332,"Pittsburgh, PA",B6,1.7,1.6,,
FL100333,"San Juan, PR",B6,2.8,2.6,,
FL100334,"Las Vegas, NV",B6,5.2,5.0,,
FL100335,"New York, NY",B6,3.0,2.6,,
FL100336,"Milwaukee, WI",B6,2.5,2.0,延误,前序航班晚到
FL100337,"Raleigh/Durham, NC",B6,1.7,1.5,,
FL100338,"Charleston, SC",B6,1.9,1.8,,
FL100339,"Washington, DC",B6,2.6,2.5,,
FL100340,"Detroit, MI",B6,1.9,1.8,,
FL100341,"Boston, MA",B6,6.6,7.2,延误,前序航班晚到
FL100342,"Boston, MA",B6,4.1,4.0,延误,航司
FL100343,"Orlando, FL",B6,2.9,2.8,延误,前序航班晚到
FL100344,"New York, NY",B6,2.4,3.0,延误,航司
FL100345,"New York, NY",B6,2.4,2.8,延误,空管
FL100346,"White Plains, NY",B6,2.8,2.9,延误,空管
FL100347,"Seattle, WA",B6,5.5,5.2,延误,前序航班晚到
FL100348,"San Juan, PR",B6,3.1,2.8,,
FL100349,"San Juan, PR",B6,2.8,2.8,,
FL100350,"Newark, NJ",B6,2.8,2.6,,
FL100351,"Fort Myers, FL",B6,2.8,2.9,延误,前序航班晚到
FL100352,"Washington, DC",B6,2.6,2.1,延误,前序航班晚到
FL100353,"Miami, FL",B6,3.2,3.5,延误,前序航班晚到
FL100354,"Pittsburgh, PA",B6,1.7,1.4,,
FL100355,"New York, NY",DL,10.7,10.6,延误,航司
FL100356,"Seattle, WA",DL,5.7,5.2,,
FL100357,"Boston, MA",DL,5.2,5.3,,
FL100358,"Atlanta, GA",DL,3.9,3.7,,
FL100359,"Lihue, HI",DL,5.6,5.3,,
FL100360,"San Francisco, CA",DL,5.8,5.2,,
FL100361,"Minneapolis, MN",DL,5.7,5.8,,
FL100362,"Atlanta, GA",DL,4.7,4.7,,
FL100363,"Bozeman, MT",DL,3.7,3.4,,
FL100364,"Detroit, MI",DL,4.8,4.8,,
FL100365,"Denver, CO",DL,2.9,2.7,,
FL100366,"Salt Lake City, UT",DL,4.9,4.7,延误,航司
FL100367,"New York, NY",DL,4.8,4.8,,
FL100368,"Las Vegas, NV",DL,4.0,3.8,,
FL100369,"Orlando, FL",DL,5.4,5.3,,
FL100370,"Las Vegas, NV",DL,5.5,5.0,,
FL100371,"Detroit, MI",DL,5.1,4.9,延误,前序航班晚到
FL100372,"Honolulu, HI",DL,6.0,6.2,延误,空管
FL100373,"Dallas/Fort Worth, TX",DL,4.0,3.7,,
FL100374,"Atlanta, GA",DL,1.8,2.2,延误,空管
FL100375,"Atlanta, GA",DL,2.0,2.0,延误,前序航班晚到
FL100376,"Norfolk, VA",DL,1.8,1.6,,
FL100377,"Atlanta, GA",DL,1.6,1.5,,
FL100378,"Billings, MT",DL,1.4,1.2,,
FL100379,"Atlanta, GA",DL,1.5,1.5,延误,航司
FL100380,"Minneapolis, MN",DL,1.7,2.0,延误,空管
FL100381,"Atlanta, GA",DL,2.2,2.2,,
FL100382,"Washington, DC",DL,2.0,1.7,,
FL100383,"Salt Lake City, UT",DL,2.4,2.2,,
FL100384,"San Francisco, CA",DL,1.6,1.3,,
FL100385,"Salt Lake City, UT",DL,1.7,1.6,,
FL100386,"Minneapolis, MN",DL,3.4,3.1,延误,航司
FL100387,"Salt Lake City, UT",DL,1.8,1.7,,
FL100388,"Minneapolis, MN",DL,1.8,2.1,延误,空管
FL100389,"Atlanta, GA",DL,1.8,1.8,延误,前序航班晚到
FL100390,"Minneapolis, MN",DL,1.7,1.4,,
FL100391,"Salt Lake City, UT",DL,3.2,3.0,,
FL100392,"Orlando, FL",DL,1.6,1.4,,
FL100393,"Atlanta, GA",DL,1.5,2.4,延误,航司
FL100394,"Orlando, FL",DL,2.7,2.6,延误,前序航班晚到
FL100395,"New York, NY",DL,4.3,4.0,,
FL100396,"Atlanta, GA",DL,3.7,3.7,,
FL100397,"San Antonio, TX",DL,2.6,2.3,,
FL100398,"Miami, FL",DL,5.1,5.1,延误,航司
FL100399,"Orlando, FL",DL,4.8,4.7,,
FL100400,"Tampa, FL",DL,2.8,2.8,,
FL100401,"Denver, CO",DL,3.0,3.0,延误,航司
FL100402,"Austin, TX",DL,2.8,2.8,,
FL100403,"Salt Lake City, UT",DL,4.1,4.0,,
FL100404,"Minneapolis, MN",DL,4.0,4.1,延误,前序航班晚到
FL100405,"Rochester, NY",DL,2.2,2.0,,
FL100406,"St. Louis, MO",DL,1.6,1.4,,
FL100407,"Minneapolis, MN",DL,4.0,3.9,,
FL100408,"Minneapolis, MN",DL,3.7,3.3,,
FL100409,"Atlanta, GA",DL,1.5,1.6,,
FL100410,"Charleston, SC",DL,2.5,2.1,,
FL100411,"Raleigh/Durham, NC",DL,1.9,1.8,,
FL100412,"Portland, OR",DL,3.4,3.3,,
FL100413,"Atlanta, GA",DL,1.5,1.7,,
FL100414,"Sarasota/Bradenton, FL",DL,3.0,2.6,,
FL100415,"Atlanta, GA",DL,2.2,2.1,,
FL100416,"Orlando, FL",DL,3.2,3.1,,
FL100417,"Phoenix, AZ",DL,3.0,2.8,,
FL100418,"Atlanta, GA",DL,1.6,1.5,,
FL100419,"Minneapolis, MN",DL,3.1,2.9,,
FL100420,"Detroit, MI",DL,1.5,1.5,,
FL100421,"Detroit, MI",DL,3.9,3.5,,
FL100422,"Seattle, WA",DL,2.8,3.1,,
FL100423,"San Francisco, CA",DL,3.8,3.3,,
FL100424,"West Palm Beach/Palm Beach, FL",DL,2.9,2.8,,
FL100425,"Philadelphia, PA",DL,2.3,2.0,,
FL100426,"Fort Lauderdale, FL",DL,2.9,3.0,,
FL100427,"Phoenix, AZ",DL,3.1,2.9,延误,航司
FL100428,"Louisville, KY",DL,1.4,1.3,,
FL100429,"Santa Ana, CA",DL,3.0,3.0,,
FL100430,"Austin, TX",DL,4.2,4.2,,
FL100431,"Detroit, MI",DL,1.7,1.4,,
FL100432,"Atlanta, GA",DL,1.2,1.1,,
FL100433,"Atlanta, GA",DL,1.2,1.1,,
FL100434,"Atlanta, GA",DL,1.1,1.1,,
FL100435,"Atlanta, GA",DL,1.1,0.9,,
FL100436,"Charlotte, NC",DL,1.2,1.0,,
FL100437,"Myrtle Beach, SC",DL,1.4,1.3,,
FL100438,"Greensboro/High Point, NC",DL,1.3,1.2,,
FL100439,"Charlotte, NC",DL,1.2,1.2,,
FL100440,"Seattle, WA",DL,4.9,4.7,,
FL100441,"Anchorage, AK",DL,5.5,5.4,,
FL100442,"Los Angeles, CA",DL,3.0,2.9,延误,航司
FL100443,"San Jose, CA",DL,4.8,4.4,,
FL100444,"New York, NY",DL,6.3,6.3,,
FL100445,"New York, NY",DL,6.7,6.5,,
FL100446,"Los Angeles, CA",DL,2.9,3.1,,
FL100447,"Atlanta, GA",DL,3.2,2.9,,
FL100448,"New York, NY",DL,4.4,4.7,延误,空管
FL100449,"Detroit, MI",DL,1.9,1.8,,
FL100450,"Sacramento, CA",DL,4.5,4.4,,
FL100451,"Las Vegas, NV",DL,3.9,4.0,延误,航司
FL100452,"Los Angeles, CA",DL,4.0,4.1,,
FL100453,"New York, NY",DL,5.9,5.6,,
FL100454,"Los Angeles, CA",DL,3.7,3.3,,
FL100455,"New York, NY",DL,5.8,6.2,延误,空管
FL100456,"Atlanta, GA",DL,5.0,5.4,延误,前序航班晚到
FL100457,"Salt Lake City, UT",DL,2.0,2.0,,
FL100458,"Denver, CO",DL,3.1,2.8,,
FL100459,"Minneapolis, MN",DL,1.8,1.5,,
FL100460,"New York, NY",DL,3.1,3.1,,
FL100461,"Tulsa, OK",DL,2.0,1.8,,
FL100462,"Miami, FL",DL,2.2,0.0,备降,
FL100463,"Austin, TX",DL,4.5,4.3,,
FL100464,"St. Louis, MO",DL,1.5,1.4,,
FL100465,"Salt Lake City, UT",DL,1.5,1.4,,
FL100466,"Fort Myers, FL",DL,2.9,2.6,,
FL100467,"Houston, TX",DL,2.0,2.0,延误,前序航班晚到
FL100468,"Denver, CO",DL,2.2,1.9,延误,空管
FL100469,"Seattle, WA",DL,2.8,2.6,,
FL100470,"Pensacola, FL",DL,1.3,1.2,,
FL100471,"Louisville, KY",DL,1.4,1.3,,
FL100472,"Salt Lake City, UT",DL,1.4,1.4,,
FL100473,"Atlanta, GA",DL,2.4,2.4,,
FL100474,"Orlando, FL",DL,3.0,2.3,延误,航司
FL100475,"Atlanta, GA",DL,1.3,1.1,延误,航司
FL100476,"Minneapolis, MN",DL,1.4,1.6,延误,前序航班晚到
FL100477,"Fayetteville, AR",DL,1.8,1.7,,
FL100478,"Richmond, VA",DL,1.8,1.5,,
FL100479,"Philadelphia, PA",DL,1.7,1.6,,
FL100480,"Atlanta, GA",DL,0.9,0.8,,
FL100481,"Panama City, FL",DL,1.2,1.4,,
FL100482,"Nashville, TN",DL,2.2,2.3,,
FL100483,"Lexington, KY",DL,1.4,1.4,,
FL100484,"Salt Lake City, UT",DL,3.5,3.4,,
FL100485,"Seattle, WA",DL,3.6,3.3,,
FL100486,"Minneapolis, MN",DL,3.3,3.4,,
FL100487,"Atlanta, GA",DL,1.6,1.5,,
FL100488,"Minneapolis, MN",DL,3.3,3.4,延误,航司
FL100489,"Daytona Beach, FL",DL,1.5,1.3,,
FL100490,"Los Angeles, CA",DL,1.9,1.8,,
FL100491,"New York, NY",DL,3.3,3.6,延误,空管
FL100492,"Atlanta, GA",DL,1.1,1.0,延误,航司
FL100493,"Louisville, KY",DL,1.6,1.3,,
FL100494,"Newark, NJ",DL,2.2,2.2,,
FL100495,"Newark, NJ",DL,2.3,2.3,,
FL100496,"Salt Lake City, UT",DL,3.3,3.1,延误,前序航班晚到
FL100497,"Boston, MA",DL,1.4,1.3,,
FL100498,"Las Vegas, NV",DL,2.8,2.8,延误,前序航班晚到
FL100499,"Raleigh/Durham, NC",DL,1.4,1.3,,
FL100500,"Chicago, IL",DL,2.7,3.1,,
FL100501,"Minneapolis, MN",DL,2.9,2.8,,
FL100502,"Houston, TX",DL,2.9,2.9,,
FL100503,"Detroit, MI",DL,1.8,1.6,,
FL100504,"New Orleans, LA",DL,3.0,2.9,,
FL100505,"Tampa, FL",DL,3.2,3.1,,
FL100506,"San Antonio, TX",DL,2.9,3.0,,
FL100507,"Washington, DC",DL,2.4,2.2,,
FL100508,"Denver, CO",DL,3.1,3.0,,
FL100509,"Denver, CO",DL,4.0,3.7,,
FL100510,"Detroit, MI",DL,2.0,1.8,,
FL100511,"Minneapolis, MN",DL,2.8,2.7,,
FL100512,"Atlanta, GA",DL,2.2,2.0,,
FL100513,"Salt Lake City, UT",DL,2.7,2.6,,
FL100514,"Providence, RI",DL,2.1,1.9,,
FL100515,"St. Louis, MO",DL,1.5,1.4,,
FL100516,"Seattle, WA",DL,2.8,2.5,延误,航司
FL100517,"Orlando, FL",DL,2.7,2.8,,
FL100518,"Atlanta, GA",DL,1.0,1.4,延误,空管
FL100519,"Minneapolis, MN",DL,2.6,2.5,,
FL100520,"Salt Lake City, UT",DL,2.4,2.3,,
FL100521,"Atlanta, GA",DL,2.4,2.4,,
FL100522,"Albuquerque, NM",DL,2.6,2.3,,
FL100523,"Chicago, IL",DL,2.3,2.2,,
FL100524,"Milwaukee, WI",DL,1.4,1.5,延误,前序航班晚到
FL100525,"Minneapolis, MN",DL,2.5,2.6,,
FL100526,"Minneapolis, MN",DL,2.5,2.3,,
FL100527,"Dallas/Fort Worth, TX",DL,2.5,2.3,,
FL100528,"Denver, CO",DL,2.0,1.8,,
FL100529,"Detroit, MI",DL,2.3,2.2,,
FL100530,"Atlanta, GA",DL,1.1,0.8,,
FL100531,"Atlanta, GA",DL,1.0,0.9,,
FL100532,"Little Rock, AR",DL,1.6,1.4,,
FL100533,"Greensboro/High Point, NC",DL,1.3,1.3,,
FL100534,"Asheville, NC",DL,1.1,1.1,延误,航司
FL100535,"Jackson/Vicksburg, MS",DL,1.4,1.1,,
FL100536,"Minneapolis, MN",DL,4.3,4.4,,
FL100537,"Salt Lake City, UT",DL,2.3,2.1,,
FL100538,"Salt Lake City, UT",DL,3.8,3.5,,
FL100539,"Salt Lake City, UT",DL,3.7,3.5,,
FL100540,"Los Angeles, CA",DL,4.6,4.5,延误,航司
FL100541,"Anchorage, AK",DL,3.7,3.4,,
FL100542,"Detroit, MI",DL,4.8,4.6,延误,航司
FL100543,"Philadelphia, PA",DL,2.3,1.8,,
FL100544,"Los Angeles, CA",DL,5.9,5.7,,
FL100545,"New York, NY",DL,2.3,1.9,延误,航司
FL100546,"Los Angeles, CA",DL,5.7,5.1,,
FL100547,"Albuquerque, NM",DL,3.2,3.3,,
FL100548,"Washington, DC",DL,5.7,5.8,,
FL100549,"Minneapolis, MN",DL,2.6,2.4,,
FL100550,"Detroit, MI",DL,2.7,2.6,,
FL100551,"Cincinnati, OH",DL,2.9,2.6,,
FL100552,"Minneapolis, MN",DL,3.3,3.4,,
FL100553,"Atlanta, GA",DL,1.9,1.7,,
FL100554,"Salt Lake City, UT",DL,2.0,2.1,,
FL100555,"Tampa, FL",DL,1.6,1.5,延误,前序航班晚到
FL100556,"Atlanta, GA",DL,1.6,1.5,,
FL100557,"Minneapolis, MN",DL,2.1,2.0,,
FL100558,"Minneapolis, MN",DL,1.9,1.8,,
FL100559,"Myrtle Beach, SC",DL,1.9,2.0,,
FL100560,"Nashville, TN",DL,1.1,1.1,,
FL100561,"New York, NY",DL,4.1,3.9,,
FL100562,"Salt Lake City, UT",DL,1.9,1.9,,
FL100563,"Salt Lake City, UT",DL,1.9,1.9,,
FL100564,"Salt Lake City, UT",DL,1.9,1.9,延误,航司
FL100565,"Miami, FL",DL,1.9,2.0,延误,天气
FL100566,"Houston, TX",DL,2.2,2.1,,
FL100567,"Atlanta, GA",DL,1.8,1.8,,
FL100568,"Boston, MA",DL,3.4,3.4,延误,航司
FL100569,"Atlanta, GA",DL,1.8,1.8,,
FL100570,"Portland, OR",DL,1.9,1.7,,
FL100571,"Key West, FL",DL,2.1,1.9,,
FL100572,"Fort Lauderdale, FL",DL,1.9,1.9,,
FL100573,"Detroit, MI",DL,2.9,2.8,,
FL100574,"Atlanta, GA",F9,2.0,1.8,,
FL100575,"Pensacola, FL",F9,1.8,1.9,,
FL100576,"New York, NY",F9,2.5,2.6,,
FL100577,"Denver, CO",F9,1.6,1.4,,
FL100578,"Phoenix, AZ",F9,2.6,2.7,,
FL100579,"Charlotte, NC",F9,2.7,2.4,延误,前序航班晚到
FL100580,"Dallas/Fort Worth, TX",F9,2.4,2.3,延误,前序航班晚到
FL100581,"Atlanta, GA",F9,2.3,2.3,延误,航司
FL100582,"Christiansted, VI",F9,0.7,0.8,,
FL100583,"Atlanta, GA",F9,3.6,3.8,延误,前序航班晚到
FL100584,"Houston, TX",F9,2.7,2.4,,
FL100585,"Las Vegas, NV",F9,1.9,2.0,,
FL100586,"Houston, TX",F9,2.8,2.6,,
FL100587,"Phoenix, AZ",F9,1.4,1.4,,
FL100588,"Cincinnati, OH",F9,2.2,2.0,延误,前序航班晚到
FL100589,"Charlotte, NC",F9,1.8,1.6,延误,航司
FL100590,"Chicago, IL",F9,2.9,2.6,,
FL100591,"Denver, CO",F9,3.8,3.6,,
FL100592,"Philadelphia, PA",F9,3.6,4.2,延误,航司
FL100593,"Denver, CO",F9,3.9,4.0,延误,航司
FL100594,"Chicago, IL",F9,2.0,2.1,,
FL100595,"Tampa, FL",F9,2.8,2.8,延误,前序航班晚到
FL100596,"Denver, CO",F9,2.4,2.8,延误,空管
FL100597,"San Francisco, CA",F9,4.9,5.7,延误,前序航班晚到
FL100598,"Austin, TX",F9,3.0,2.9,延误,前序航班晚到
FL100599,"Las Vegas, NV",F9,2.1,1.9,,
FL100600,"Philadelphia, PA",F9,2.3,1.9,,
FL100601,"Ontario, CA",F9,2.3,2.5,延误,空管
FL100602,"Salt Lake City, UT",F9,1.8,1.5,,
FL100603,"Denver, CO",F9,4.0,3.9,,
FL100604,"New York, NY",F9,3.9,3.7,,
FL100605,"New Orleans, LA",F9,3.0,3.0,,
FL100606,"Cincinnati, OH",F9,2.5,2.6,,
FL100607,"Denver, CO",F9,3.0,2.8,延误,前序航班晚到
FL100608,"Miami, FL",F9,2.1,3.9,延误,空管
FL100609,"Atlanta, GA",F9,1.6,1.8,延误,前序航班晚到
FL100610,"Ontario, CA",F9,2.3,2.2,,
FL100611,"Denver, CO",F9,2.8,2.4,延误,前序航班晚到
FL100612,"Charlotte, NC",F9,1.8,1.6,,
FL100613,"Cleveland, OH",F9,3.0,3.1,,
FL100614,"Cleveland, OH",F9,2.9,2.6,,
FL100615,"Philadelphia, PA",F9,2.9,3.3,延误,空管
FL100616,"Las Vegas, NV",F9,1.8,1.6,延误,前序航班晚到
FL100617,"Denver, CO",F9,2.4,3.0,延误,空管
FL100618,"Philadelphia, PA",F9,2.8,3.0,,
FL100619,"San Francisco, CA",F9,3.4,3.5,延误,前序航班晚到
FL100620,"Jacksonville, FL",G4,1.9,2.1,,
FL100621,"Fort Lauderdale, FL",G4,2.7,2.6,,
FL100622,"Los Angeles, CA",G4,3.2,5.7,延误,空管
FL100623,"Phoenix, AZ",G4,2.0,2.0,,
FL100624,"Norfolk, VA",G4,1.9,1.9,延误,前序航班晚到
FL100625,"Sarasota/Bradenton, FL",G4,2.3,2.2,延误,前序航班晚到
FL100626,"St. Petersburg, FL",G4,1.0,1.0,,
FL100627,"Las Vegas, NV",G4,3.7,3.5,,
FL100628,"Myrtle Beach, SC",G4,1.8,1.8,,
FL100629,"Fort Lauderdale, FL",G4,2.0,1.9,延误,空管
FL100630,"Lexington, KY",G4,1.6,1.6,延误,天气
FL100631,"Medford, OR",G4,1.8,1.7,,
FL100632,"Springfield, MO",G4,2.2,2.0,,
FL100633,"Las Vegas, NV",G4,2.7,2.7,,
FL100634,"Phoenix, AZ",G4,3.4,3.3,,
FL100635,"Cincinnati, OH",G4,1.8,1.8,,
FL100636,"Los Angeles, CA",G4,3.5,3.6,,
FL100637,"Newark, NJ",G4,2.8,2.0,,
FL100638,"Asheville, NC",G4,1.6,2.1,延误,前序航班晚到
FL100639,"Flint, MI",G4,2.9,2.7,,
FL100640,"Asheville, NC",G4,1.6,1.6,,
FL100641,"Fayetteville, AR",G4,3.5,3.5,延误,航司
FL100642,"Washington, DC",G4,3.2,3.4,延误,空管
FL100643,"Grand Rapids, MI",G4,2.8,2.8,,
FL100644,"Key West, FL",G4,2.0,1.9,,
FL100645,"Phoenix, AZ",G4,2.4,2.6,,
FL100646,"Washington, DC",G4,2.0,1.9,延误,前序航班晚到
FL100647,"Phoenix, AZ",G4,2.9,2.9,,
FL100648,"Missoula, MT",G4,2.8,2.7,,
FL100649,"Santa Ana, CA",G4,1.7,1.7,,
FL100650,"Los Angeles, CA",HA,5.8,5.7,,
FL100651,"Portland, OR",HA,5.8,5.8,,
FL100652,"San Jose, CA",HA,5.5,5.3,,
FL100653,"Kona, HI",HA,5.4,5.3,,
FL100654,"Honolulu, HI",HA,5.6,5.4,,
FL100655,"Honolulu, HI",HA,0.9,0.9,,
FL100656,"Honolulu, HI",HA,0.7,0.7,,
FL100657,"Hilo, HI",HA,0.9,1.0,延误,前序航班晚到
FL100658,"Hilo, HI",HA,0.9,0.9,,
FL100659,"Kona, HI",HA,0.8,0.9,,
FL100660,"Honolulu, HI",HA,0.7,0.9,,
FL100661,"Honolulu, HI",HA,0.8,0.9,,
FL100662,"Honolulu, HI",HA,0.8,0.8,,
FL100663,"Lihue, HI",HA,0.6,0.6,,
FL100664,"Honolulu, HI",HA,0.8,0.8,,
FL100665,"Hilo, HI",HA,0.9,0.9,,
FL100666,"Lubbock, TX",MQ,1.3,1.4,,
FL100667,"Miami, FL",MQ,1.8,1.6,,
FL100668,"Traverse City, MI",MQ,1.3,1.3,,
FL100669,"Hartford, CT",MQ,1.5,1.5,,
FL100670,"Bloomington/Normal, IL",MQ,2.3,2.2,,
FL100671,"Dallas/Fort Worth, TX",MQ,1.2,2.2,延误,前序航班晚到
FL100672,"Raleigh/Durham, NC",MQ,2.3,2.4,延误,前序航班晚到
FL100673,"Miami, FL",MQ,2.6,2.3,,
FL100674,"Champaign/Urbana, IL",MQ,1.1,0.9,,
FL100675,"Birmingham, AL",MQ,2.1,1.9,延误,航司
FL100676,"Columbus, OH",MQ,1.5,1.5,,
FL100677,"Fayetteville, AR",MQ,1.4,1.2,,
FL100678,"Dallas/Fort Worth, TX",MQ,1.9,1.8,,
FL100679,"Indianapolis, IN",MQ,1.3,1.1,,
FL100680,"Garden City, KS",MQ,1.4,1.7,延误,空管
FL100681,"Midland/Odessa, TX",MQ,1.4,1.6,,
FL100682,"Atlanta, GA",MQ,1.4,1.4,延误,前序航班晚到
FL100683,"Dallas/Fort Worth, TX",MQ,2.4,2.2,,
FL100684,"Columbia, MO",MQ,1.4,1.3,延误,前序航班晚到
FL100685,"Wichita, KS",MQ,1.3,1.3,,
FL100686,"Dallas/Fort Worth, TX",MQ,1.5,1.4,,
FL100687,"Dallas/Fort Worth, TX",MQ,2.2,2.0,,
FL100688,"Dallas/Fort Worth, TX",MQ,0.7,1.0,延误,前序航班晚到
FL100689,"Indianapolis, IN",MQ,1.3,1.3,延误,航司
FL100690,"Greer, SC",MQ,2.1,2.2,,
FL100691,"Springfield, MO",MQ,1.5,1.9,,
FL100692,"Dallas/Fort Worth, TX",MQ,2.0,2.3,延误,前序航班晚到
FL100693,"Cincinnati, OH",MQ,1.5,1.6,,
FL100694,"Asheville, NC",MQ,2.1,1.9,,
FL100695,"Oklahoma City, OK",MQ,3.1,2.9,,
FL100696,"Dallas/Fort Worth, TX",MQ,1.5,1.4,,
FL100697,"Dallas/Fort Worth, TX",MQ,1.7,1.5,,
FL100698,"Atlanta, GA",MQ,2.2,1.9,,
FL100699,"Monterey, CA",MQ,1.9,1.9,,
FL100700,"Fort Smith, AR",MQ,1.3,1.1,延误,前序航班晚到
FL100701,"Chicago, IL",MQ,2.3,2.2,,
FL100702,"Dallas/Fort Worth, TX",MQ,1.3,1.2,,
FL100703,"Lubbock, TX",MQ,1.3,1.1,延误,前序航班晚到
FL100704,"Dallas/Fort Worth, TX",MQ,1.5,1.5,,
FL100705,"Tampa, FL",MQ,2.0,3.0,延误,前序航班晚到
FL100706,"Austin, TX",MQ,2.9,0.0,取消,
FL100707,"Chicago, IL",MQ,2.1,1.9,,
FL100708,"Dallas/Fort Worth, TX",MQ,1.7,1.8,,
FL100709,"Charlotte, NC",MQ,1.1,0.9,,
FL100710,"Albuquerque, NM",MQ,1.8,1.7,延误,航司
FL100711,"Killeen, TX",MQ,1.0,0.8,延误,前序航班晚到
FL100712,"Louisville, KY",MQ,2.4,2.2,,
FL100713,"Jackson/Vicksburg, MS",MQ,1.7,2.0,延误,前序航班晚到
FL100714,"Dallas/Fort Worth, TX",MQ,1.5,1.5,延误,航司
FL100715,"Oklahoma City, OK",MQ,2.5,2.1,,
FL100716,"Dallas/Fort Worth, TX",MQ,2.9,3.3,延误,空管
FL100717,"Dallas/Fort Worth, TX",MQ,1.3,1.1,,
FL100718,"Phoenix, AZ",MQ,0.9,0.8,,
FL100719,"Huntsville, AL",MQ,2.1,2.0,,
FL100720,"Chicago, IL",MQ,1.4,1.4,,
FL100721,"Chicago, IL",MQ,1.0,1.0,延误,航司
FL100722,"Dallas/Fort Worth, TX",MQ,1.3,1.2,,
FL100723,"Abilene, TX",MQ,1.1,1.2,延误,前序航班晚到
FL100724,"Knoxville, TN",MQ,2.1,2.0,,
FL100725,"Billings, MT",MQ,2.8,2.6,延误,航司
FL100726,"Scranton/Wilkes-Barre, PA",MQ,2.3,2.0,,
FL100727,"Dallas/Fort Worth, TX",MQ,1.3,1.2,,
FL100728,"Dallas/Fort Worth, TX",NK,2.1,3.0,延误,空管
FL100729,"Orlando, FL",NK,3.2,3.0,延误,空管
FL100730,"Pensacola, FL",NK,1.7,1.5,,
FL100731,"Fort Lauderdale, FL",NK,1.1,0.9,,
FL100732,"Baltimore, MD",NK,5.2,4.7,,
FL100733,"Boston, MA",NK,3.0,4.0,延误,空管
FL100734,"Boston, MA",NK,3.2,2.9,,
FL100735,"San Jose, CA",NK,5.3,4.9,延误,前序航班晚到
FL100736,"Orlando, FL",NK,3.1,2.9,,
FL100737,"Newark, NJ",NK,2.8,2.5,,
FL100738,"Newark, NJ",NK,2.2,1.9,,
FL100739,"New Orleans, LA",NK,1.9,0.0,取消,
FL100740,"Cleveland, OH",NK,2.6,2.5,,
FL100741,"Atlantic City, NJ",NK,2.5,2.5,,
FL100742,"Kansas City, MO",NK,3.0,3.1,延误,前序航班晚到
FL100743,"San Antonio, TX",NK,2.8,2.6,,
FL100744,"Chicago, IL",NK,2.5,2.4,延误,航司
FL100745,"Sacramento, CA",NK,1.5,1.3,,
FL100746,"Las Vegas, NV",NK,1.3,1.0,,
FL100747,"Orlando, FL",NK,2.1,1.8,,
FL100748,"Myrtle Beach, SC",NK,1.8,1.6,,
FL100749,"Charlotte, NC",NK,4.9,4.8,延误,前序航班晚到
FL100750,"Detroit, MI",NK,1.9,2.3,延误,空管
FL100751,"Las Vegas, NV",NK,4.8,4.9,,
FL100752,"Atlanta, GA",NK,1.9,1.8,,
FL100753,"Newark, NJ",NK,3.2,2.9,,
FL100754,"San Jose, CA",NK,3.6,3.9,,
FL100755,"Los Angeles, CA",NK,4.1,4.1,,
FL100756,"Los Angeles, CA",NK,1.4,1.2,,
FL100757,"Philadelphia, PA",NK,3.5,3.6,,
FL100758,"Baltimore, MD",NK,5.7,5.5,,
FL100759,"San Diego, CA",NK,5.0,4.6,,
FL100760,"Miami, FL",NK,2.6,2.4,,
FL100761,"Los Angeles, CA",NK,5.1,5.4,延误,空管
FL100762,"New Orleans, LA",NK,1.6,1.4,延误,前序航班晚到
FL100763,"Orlando, FL",NK,2.1,1.9,,
FL100764,"Las Vegas, NV",NK,4.1,4.2,,
FL100765,"Fort Lauderdale, FL",NK,5.4,5.5,,
FL100766,"Fort Myers, FL",NK,2.9,2.8,,
FL100767,"New York, NY",NK,2.0,2.5,延误,空管
FL100768,"Nashville, TN",NK,2.6,2.5,,
FL100769,"Orlando, FL",NK,2.5,2.2,,
FL100770,"Baltimore, MD",NK,2.6,2.7,,
FL100771,"Columbus, OH",NK,2.6,2.2,延误,航司
FL100772,"New York, NY",NK,3.0,3.6,延误,空管
FL100773,"Fort Lauderdale, FL",NK,2.6,2.6,,
FL100774,"Chicago, IL",NK,2.8,0.0,取消,
FL100775,"Fort Lauderdale, FL",NK,2.6,2.5,,
FL100776,"Chicago, IL",NK,2.1,1.9,,
FL100777,"Orlando, FL",NK,1.2,1.4,延误,空管
FL100778,"Dallas/Fort Worth, TX",NK,3.6,3.0,,
FL100779,"Fort Lauderdale, FL",NK,5.2,4.9,,
FL100780,"Nashville, TN",NK,3.9,3.7,延误,前序航班晚到
FL100781,"Los Angeles, CA",NK,4.4,4.2,,
FL100782,"Boston, MA",NK,2.2,1.9,延误,空管
FL100783,"Miami, FL",NK,2.8,2.7,延误,前序航班晚到
FL100784,"Boston, MA",NK,1.5,1.9,延误,空管
FL100785,"Charlotte, NC",OH,2.1,1.9,,
FL100786,"Myrtle Beach, SC",OH,1.8,1.8,,
FL100787,"Richmond, VA",OH,1.4,1.2,,
FL100788,"Louisville, KY",OH,2.4,2.2,,
FL100789,"Washington, DC",OH,1.6,1.3,延误,航司
FL100790,"Nashville, TN",OH,1.5,1.3,延误,航司
FL100791,"Columbia, SC",OH,1.6,0.0,取消,
FL100792,"Washington, DC",OH,1.7,1.7,,
FL100793,"Washington, DC",OH,1.9,1.9,,
FL100794,"Jackson/Vicksburg, MS",OH,2.0,1.9,,
FL100795,"Washington, DC",OH,1.8,1.6,,
FL100796,"Washington, DC",OH,1.4,1.4,,
FL100797,"Savannah, GA",OH,1.8,1.8,,
FL100798,"South Bend, IN",OH,1.9,1.9,,
FL100799,"Allentown/Bethlehem/Easton, PA",OH,1.9,1.6,,
FL100800,"Philadelphia, PA",OH,2.0,1.6,,
FL100801,"Washington, DC",OH,1.4,1.1,延误,航司
FL100802,"Charlotte, NC",OH,1.3,1.0,,
FL100803,"Norfolk, VA",OH,1.0,0.9,,
FL100804,"Atlanta, GA",OH,1.9,2.0,,
FL100805,"Charlotte, NC",OH,1.5,0.0,取消,
FL100806,"Lafayette, LA",OH,2.3,2.6,,
FL100807,"Hartford, CT",OH,1.5,1.4,,
FL100808,"Jackson/Vicksburg, MS",OH,2.0,1.8,,
FL100809,"Charlotte, NC",OH,1.1,1.3,,
FL100810,"Rochester, NY",OH,1.4,1.1,延误,天气
FL100811,"Charleston/Dunbar, WV",OH,1.4,1.5,,
FL100812,"Grand Rapids, MI",OH,1.8,1.7,延误,前序航班晚到
FL100813,"Jacksonville, FL",OH,2.0,2.2,,
FL100814,"Philadelphia, PA",OH,2.3,2.1,,
FL100815,"Charlotte, NC",OH,2.2,2.0,延误,航司
FL100816,"Charlotte, NC",OH,1.1,0.8,,
FL100817,"Norfolk, VA",OH,1.5,1.4,,
FL100818,"Washington, DC",OH,2.3,2.5,,
FL100819,"St. Louis, MO",OH,2.1,2.2,,
FL100820,"Louisville, KY",OH,1.6,2.2,延误,天气
FL100821,"Charlotte, NC",OH,1.6,1.7,延误,前序航班晚到
FL100822,"Birmingham, AL",OH,2.2,1.8,,
FL100823,"Wilmington, NC",OH,1.2,1.3,,
FL100824,"Charlotte, NC",OH,2.2,2.4,延误,前序航班晚到
FL100825,"Charlotte, NC",OH,1.8,1.6,,
FL100826,"Washington, DC",OH,2.9,3.1,延误,航司
FL100827,"Savannah, GA",OH,1.5,1.0,延误,前序航班晚到
FL100828,"Washington, DC",OH,1.0,0.8,,
FL100829,"Washington, DC",OH,2.7,2.5,,
FL100830,"Hartford, CT",OH,1.4,1.3,,
FL100831,"Missoula, MT",OO,1.5,0.0,备降,
FL100832,"Detroit, MI",OO,1.2,1.3,,
FL100833,"Louisville, KY",OO,1.6,1.8,,
FL100834,"Rapid City, SD",OO,1.6,1.4,延误,天气
FL100835,"Cedar Rapids/Iowa City, IA",OO,1.3,1.2,延误,航司
FL100836,"Phoenix, AZ",OO,1.1,0.9,,
FL100837,"Louisville, KY",OO,2.2,2.3,,
FL100838,"Roanoke, VA",OO,2.1,1.9,,
FL100839,"Durango, CO",OO,1.5,1.0,,
FL100840,"Chicago, IL",OO,1.6,1.5,,
FL100841,"Atlanta, GA",OO,1.9,1.8,,
FL100842,"Dallas/Fort Worth, TX",OO,1.4,1.2,,
FL100843,"Houston, TX",OO,1.4,1.3,,
FL100844,"Albany, GA",OO,1.2,1.3,延误,航司
FL100845,"Detroit, MI",OO,1.7,1.4,,
FL100846,"El Paso, TX",OO,2.1,2.1,,
FL100847,"Salt Lake City, UT",OO,1.4,1.1,,
FL100848,"Denver, CO",OO,1.7,1.5,,
FL100849,"Bend/Redmond, OR",OO,1.7,1.8,,
FL100850,"Washington, DC",OO,3.0,2.9,,
FL100851,"Spokane, WA",OO,1.3,1.3,,
FL100852,"Detroit, MI",OO,2.0,1.9,,
FL100853,"Richmond, VA",OO,1.8,1.7,,
FL100854,"Brunswick, GA",OO,1.3,1.5,,
FL100855,"Seattle, WA",OO,2.9,2.8,延误,航司
FL100856,"Minneapolis, MN",OO,1.0,0.8,,
FL100857,"Chicago, IL",OO,1.8,1.6,,
FL100858,"Killeen, TX",OO,1.1,1.3,延误,航司
FL100859,"Fargo, ND",OO,2.0,1.8,延误,航司
FL100860,"Tyler, TX",OO,1.1,0.8,延误,天气
FL100861,"Minneapolis, MN",OO,1.7,2.0,延误,天气
FL100862,"Detroit, MI",OO,1.3,1.4,延误,天气
FL100863,"Denver, CO",OO,1.0,0.9,,
FL100864,"Phoenix, AZ",OO,2.1,1.9,,
FL100865,"Lincoln, NE",OO,1.8,1.6,,
FL100866,"Chicago, IL",OO,2.2,2.1,延误,航司
FL100867,"Chicago, IL",OO,2.0,1.8,,
FL100868,"Denver, CO",OO,0.9,0.8,,
FL100869,"Laredo, TX",OO,1.5,1.4,,
FL100870,"Aspen, CO",OO,2.2,2.4,,
FL100871,"Los Angeles, CA",OO,2.2,1.9,,
FL100872,"Minneapolis, MN",OO,1.9,2.0,延误,天气
FL100873,"Detroit, MI",OO,1.0,0.9,延误,天气
FL100874,"Monterey, CA",OO,0.8,0.7,,
FL100875,"Durango, CO",OO,1.4,1.5,,
FL100876,"El Paso, TX",OO,2.3,2.2,,
FL100877,"Chicago, IL",OO,1.9,1.7,,
FL100878,"Houston, TX",OO,1.9,1.8,,
FL100879,"Minneapolis, MN",OO,1.2,1.3,,
FL100880,"Monterey, CA",OO,1.9,1.9,,
FL100881,"Grand Junction, CO",OO,1.4,1.7,,
FL100882,"Idaho Falls, ID",OO,1.1,0.9,,
FL100883,"Seattle, WA",OO,1.1,1.2,,
FL100884,"Los Angeles, CA",OO,2.0,2.3,,
FL100885,"Denver, CO",OO,1.2,1.1,,
FL100886,"San Diego, CA",OO,1.1,1.0,延误,航司
FL100887,"Salt Lake City, UT",OO,2.3,2.3,,
FL100888,"Oklahoma City, OK",OO,1.8,1.7,延误,航司
FL100889,"Akron, OH",OO,1.8,1.7,,
FL100890,"Los Angeles, CA",OO,2.0,2.0,,
FL100891,"Colorado Springs, CO",OO,1.0,0.8,,
FL100892,"Washington, DC",OO,1.8,1.3,,
FL100893,"Minneapolis, MN",OO,1.1,1.2,,
FL100894,"Pasco/Kennewick/Richland, WA",OO,1.7,1.6,,
FL100895,"Chicago, IL",OO,2.1,1.8,,
FL100896,"Denver, CO",OO,2.2,2.3,延误,前序航班晚到
FL100897,"South Bend, IN",OO,1.0,1.0,,
FL100898,"Arcata/Eureka, CA",OO,1.9,1.8,,
FL100899,"Minneapolis, MN",OO,2.4,3.0,延误,航司
FL100900,"Tulsa, OK",OO,2.2,1.9,,
FL100901,"Chicago, IL",OO,1.1,1.2,延误,航司
FL100902,"Tulsa, OK",OO,1.3,1.3,,
FL100903,"Chicago, IL",OO,1.4,2.0,延误,天气
FL100904,"Denver, CO",OO,1.3,1.1,,
FL100905,"Boise, ID",OO,1.1,1.0,,
FL100906,"Seattle, WA",OO,2.0,1.8,延误,前序航班晚到
FL100907,"San Diego, CA",OO,2.1,2.0,,
FL100908,"Salt Lake City, UT",OO,1.0,0.8,,
FL100909,"Salt Lake City, UT",OO,1.6,1.6,,
FL100910,"Minneapolis, MN",OO,1.1,1.0,,
FL100911,"Chicago, IL",OO,2.0,2.0,,
FL100912,"Colorado Springs, CO",OO,0.9,1.1,,
FL100913,"Chicago, IL",OO,1.1,0.9,,
FL100914,"Denver, CO",OO,1.9,1.9,,
FL100915,"Chicago, IL",OO,1.0,0.8,,
FL100916,"Seattle, WA",OO,2.1,2.1,,
FL100917,"Houston, TX",OO,2.8,2.5,延误,前序航班晚到
FL100918,"Arcata/Eureka, CA",OO,1.3,1.0,延误,航司
FL100919,"Appleton, WI",OO,1.3,1.2,延误,航司
FL100920,"Dallas/Fort Worth, TX",OO,1.6,2.0,延误,航司
FL100921,"Midland/Odessa, TX",OO,1.9,1.8,延误,天气
FL100922,"Waco, TX",OO,1.0,1.0,,
FL100923,"San Francisco, CA",OO,2.2,2.0,,
FL100924,"Salt Lake City, UT",OO,1.0,0.9,,
FL100925,"Tucson, AZ",OO,2.0,1.9,,
FL100926,"Salt Lake City, UT",OO,1.8,1.6,,
FL100927,"San Diego, CA",OO,2.1,2.3,,
FL100928,"San Jose, CA",OO,1.8,1.9,,
FL100929,"Burbank, CA",OO,2.5,2.4,,
FL100930,"Spokane, WA",OO,2.1,2.3,延误,前序航班晚到
FL100931,"Portland, OR",OO,2.5,2.5,,
FL100932,"Los Angeles, CA",OO,1.4,1.0,,
FL100933,"San Jose, CA",OO,2.4,2.4,,
FL100934,"Indianapolis, IN",OO,1.2,1.1,,
FL100935,"San Francisco, CA",OO,1.6,1.7,,
FL100936,"Lincoln, NE",OO,1.9,1.9,,
FL100937,"Phoenix, AZ",OO,0.9,0.8,,
FL100938,"Denver, CO",OO,1.8,1.7,,
FL100939,"Chicago, IL",OO,1.9,1.9,,
FL100940,"Sacramento, CA",OO,1.2,1.2,,
FL100941,"Colorado Springs, CO",OO,1.9,1.8,,
FL100942,"Salt Lake City, UT",OO,1.9,1.9,,
FL100943,"Dallas/Fort Worth, TX",OO,1.4,1.1,,
FL100944,"Dallas/Fort Worth, TX",OO,1.9,1.6,,
FL100945,"Cleveland, OH",OO,1.8,1.6,延误,天气
FL100946,"Salt Lake City, UT",OO,0.9,0.9,,
FL100947,"Denver, CO",OO,1.7,1.8,,
FL100948,"Fresno, CA",OO,1.6,1.7,,
FL100949,"Chicago, IL",OO,0.9,0.7,,
FL100950,"Chicago, IL",OO,2.5,2.2,延误,航司
FL100951,"Lansing, MI",OO,0.8,0.8,延误,航司
FL100952,"Minot, ND",OO,1.6,1.6,延误,天气
FL100953,"Sacramento, CA",OO,1.6,1.4,延误,天气
FL100954,"Fresno, CA",OO,1.3,1.3,,
FL100955,"Salt Lake City, UT",OO,2.2,2.5,延误,前序航班晚到
FL100956,"Seattle, WA",OO,2.5,2.5,,
FL100957,"Spokane, WA",OO,1.1,1.1,,
FL100958,"Burbank, CA",OO,2.1,1.9,延误,前序航班晚到
FL100959,"San Francisco, CA",OO,1.5,1.4,延误,航司
FL100960,"Minneapolis, MN",OO,1.5,1.5,,
FL100961,"Tyler, TX",OO,1.1,0.8,延误,前序航班晚到
FL100962,"Aspen, CO",OO,1.1,0.9,,
FL100963,"Fort Wayne, IN",OO,1.2,1.4,,
FL100964,"Chicago, IL",OO,1.5,1.8,,
FL100965,"Phoenix, AZ",OO,1.4,1.3,,
FL100966,"Bozeman, MT",OO,1.4,1.4,,
FL100967,"Detroit, MI",OO,1.3,1.3,,
FL100968,"Syracuse, NY",OO,1.4,1.1,,
FL100969,"Dallas/Fort Worth, TX",OO,1.4,1.4,,
FL100970,"Los Angeles, CA",OO,0.9,0.8,,
FL100971,"Denver, CO",OO,1.7,1.6,,
FL100972,"Denver, CO",OO,1.5,1.4,,
FL100973,"Bozeman, MT",OO,1.9,1.7,,
FL100974,"Detroit, MI",OO,1.3,1.1,,
FL100975,"Madison, WI",OO,1.3,1.3,,
FL100976,"Denver, CO",OO,0.9,0.9,,
FL100977,"Seattle, WA",OO,2.6,2.4,延误,航司
FL100978,"Green Bay, WI",OO,1.2,1.5,延误,航司
FL100979,"Dallas/Fort Worth, TX",OO,1.2,1.0,,
FL100980,"Burbank, CA",OO,1.9,1.9,,
FL100981,"Seattle, WA",OO,1.2,1.1,,
FL100982,"Chicago, IL",OO,1.0,0.9,,
FL100983,"Raleigh/Durham, NC",UA,2.8,2.7,,
FL100984,"Denver, CO",UA,2.9,3.0,,
FL100985,"Newark, NJ",UA,2.6,3.4,延误,空管
FL100986,"Houston, TX",UA,4.0,3.8,,
FL100987,"Newark, NJ",UA,2.6,0.0,取消,
FL100988,"Newark, NJ",UA,2.8,3.3,延误,空管
FL100989,"Washington, DC",UA,1.9,1.5,,
FL100990,"Seattle, WA",UA,4.4,4.1,,
FL100991,"Denver, CO",UA,1.7,0.0,备降,
FL100992,"Chicago, IL",UA,2.3,2.0,,
FL100993,"Houston, TX",UA,3.5,3.7,,
FL100994,"Newark, NJ",UA,1.7,1.6,,
FL100995,"Houston, TX",UA,4.0,4.0,,
FL100996,"Denver, CO",UA,1.3,1.1,延误,航司
FL100997,"Denver, CO",UA,7.2,7.0,,
FL100998,"Washington, DC",UA,1.2,1.0,延误,航司
FL100999,"San Francisco, CA",UA,5.5,5.4,,
FL101000,"Chicago, IL",UA,3.0,3.0,,
FL101001,"Chicago, IL",UA,4.4,4.2,,
FL101002,"Newark, NJ",UA,5.8,5.6,,
FL101003,"Boston, MA",UA,6.5,6.5,,
FL101004,"Chicago, IL",UA,4.8,5.1,延误,空管
FL101005,"Pittsburgh, PA",UA,2.9,2.8,,
FL101006,"Denver, CO",UA,2.3,2.2,,
FL101007,"Newark, NJ",UA,1.5,1.6,,
FL101008,"Denver, CO",UA,2.6,2.5,,
FL101009,"Chicago, IL",UA,1.6,1.8,,
FL101010,"Denver, CO",UA,1.1,1.1,,
FL101011,"Newark, NJ",UA,6.1,6.4,,
FL101012,"Austin, TX",UA,3.8,3.9,,
FL101013,"Cleveland, OH",UA,1.8,1.3,,
FL101014,"Cincinnati, OH",UA,3.0,2.8,延误,航司
FL101015,"San Francisco, CA",UA,1.4,1.1,延误,前序航班晚到
FL101016,"San Francisco, CA",UA,2.8,2.5,,
FL101017,"San Francisco, CA",UA,4.0,4.1,,
FL101018,"Houston, TX",UA,4.7,4.7,,
FL101019,"Newark, NJ",UA,5.2,4.8,,
FL101020,"Spokane, WA",UA,2.4,1.9,,
FL101021,"Newark, NJ",UA,1.7,1.5,延误,航司
FL101022,"Charlotte, NC",UA,2.2,2.2,,
FL101023,"New Orleans, LA",UA,3.1,2.7,,
FL101024,"Santa Ana, CA",UA,3.3,3.1,,
FL101025,"Denver, CO",UA,2.9,2.9,,
FL101026,"Denver, CO",UA,2.5,2.4,,
FL101027,"Medford, OR",UA,2.5,2.2,,
FL101028,"San Diego, CA",UA,1.6,1.5,延误,空管
FL101029,"Raleigh/Durham, NC",UA,2.4,2.1,,
FL101030,"San Diego, CA",UA,2.4,2.6,,
FL101031,"Billings, MT",UA,1.8,1.5,延误,前序航班晚到
FL101032,"Chicago, IL",UA,1.6,1.4,,
FL101033,"San Francisco, CA",UA,1.4,1.2,,
FL101034,"Jackson, WY",UA,1.6,1.4,,
FL101035,"Denver, CO",UA,2.2,1.9,,
FL101036,"Saipan, TT",UA,0.8,1.2,延误,空管
FL101037,"Denver, CO",UA,3.5,3.6,延误,空管
FL101038,"Newark, NJ",UA,5.9,6.0,,
FL101039,"Sacramento, CA",UA,2.4,2.3,,
FL101040,"Denver, CO",UA,1.5,1.3,延误,航司
FL101041,"Chicago, IL",UA,1.6,1.5,,
FL101042,"Los Angeles, CA",UA,4.3,4.2,,
FL101043,"Newark, NJ",UA,2.9,2.4,,
FL101044,"Grand Rapids, MI",UA,2.9,2.5,延误,天气
FL101045,"San Diego, CA",UA,5.2,5.5,,
FL101046,"Baltimore, MD",UA,2.2,2.2,,
FL101047,"Houston, TX",UA,1.3,1.2,,
FL101048,"Salt Lake City, UT",UA,1.5,1.4,,
FL101049,"Newark, NJ",UA,3.7,3.5,,
FL101050,"Great Falls, MT",UA,2.0,2.0,,
FL101051,"Austin, TX",UA,3.8,3.7,延误,前序航班晚到
FL101052,"Boston, MA",UA,1.7,1.7,延误,天气
FL101053,"Columbus, OH",UA,1.4,1.3,,
FL101054,"Newark, NJ",UA,6.0,5.8,延误,前序航班晚到
FL101055,"Anchorage, AK",UA,5.3,5.3,,
FL101056,"Dallas/Fort Worth, TX",UA,1.2,1.1,,
FL101057,"Jackson, WY",UA,2.4,2.4,,
FL101058,"Boston, MA",UA,4.7,4.6,,
FL101059,"Orlando, FL",UA,2.5,2.8,,
FL101060,"Houston, TX",UA,3.3,3.4,,
FL101061,"Newark, NJ",UA,1.6,1.5,,
FL101062,"Los Angeles, CA",UA,5.8,5.5,,
FL101063,"Newark, NJ",UA,6.4,5.8,延误,前序航班晚到
FL101064,"Denver, CO",UA,2.0,1.9,,
FL101065,"Washington, DC",UA,5.8,5.2,,
FL101066,"Newark, NJ",UA,3.0,2.9,,
FL101067,"Houston, TX",UA,3.1,2.9,,
FL101068,"Newark, NJ",UA,2.6,2.4,,
FL101069,"Denver, CO",UA,2.7,2.6,延误,前序航班晚到
FL101070,"Chicago, IL",UA,2.3,2.0,,
FL101071,"Washington, DC",UA,2.8,3.1,延误,空管
FL101072,"Denver, CO",UA,1.6,1.6,延误,前序航班晚到
FL101073,"Newark, NJ",UA,3.8,3.4,,
FL101074,"Chicago, IL",UA,3.9,3.8,延误,前序航班晚到
FL101075,"Los Angeles, CA",UA,5.0,4.7,,
FL101076,"Los Angeles, CA",UA,5.8,5.5,,
FL101077,"Denver, CO",UA,1.6,1.6,延误,航司
FL101078,"Hartford, CT",UA,4.5,4.5,,
FL101079,"Atlanta, GA",UA,2.2,2.0,,
FL101080,"Newark, NJ",UA,5.9,5.7,,
FL101081,"Houston, TX",UA,3.4,3.4,,
FL101082,"San Diego, CA",UA,2.5,2.1,,
FL101083,"Houston, TX",UA,3.6,3.4,,
FL101084,"Denver, CO",UA,3.7,3.6,,
FL101085,"San Francisco, CA",UA,2.2,2.0,,
FL101086,"Denver, CO",UA,3.7,3.7,,
FL101087,"Nashville, TN",UA,1.9,1.7,延误,前序航班晚到
FL101088,"Denver, CO",UA,1.9,1.8,延误,前序航班晚到
FL101089,"Denver, CO",UA,2.5,2.3,,
FL101090,"Chicago, IL",UA,2.6,2.4,,
FL101091,"Houston, TX",UA,2.3,2.0,,
FL101092,"Chicago, IL",UA,6.5,6.4,,
FL101093,"Houston, TX",UA,3.1,2.7,延误,前序航班晚到
FL101094,"Houston, TX",UA,2.8,2.8,,
FL101095,"Newark, NJ",UA,1.4,1.2,,
FL101096,"Newark, NJ",UA,3.8,3.5,延误,前序航班晚到
FL101097,"Grand Rapids, MI",UA,1.1,0.8,,
FL101098,"Denver, CO",UA,3.4,3.3,延误,航司
FL101099,"Billings, MT",UA,1.7,1.5,,
FL101100,"San Francisco, CA",UA,2.0,1.9,,
FL101101,"Chicago, IL",UA,4.0,3.8,,
FL101102,"Chicago, IL",UA,3.3,2.9,,
FL101103,"Chicago, IL",UA,4.6,4.9,,
FL101104,"New Orleans, LA",UA,3.0,3.0,,
FL101105,"Denver, CO",UA,1.4,1.2,,
FL101106,"San Antonio, TX",UA,3.4,3.5,,
FL101107,"Chicago, IL",UA,2.0,2.3,,
FL101108,"Denver, CO",UA,3.4,4.2,延误,空管
FL101109,"Chicago, IL",UA,3.8,3.7,,
FL101110,"Chicago, IL",UA,1.6,1.8,延误,前序航班晚到
FL101111,"Raleigh/Durham, NC",UA,2.9,2.8,,
FL101112,"Ontario, CA",UA,1.4,1.6,,
FL101113,"Houston, TX",UA,3.9,3.9,,
FL101114,"Denver, CO",UA,1.7,1.6,,
FL101115,"San Antonio, TX",UA,3.6,3.6,,
FL101116,"Ontario, CA",UA,2.4,2.0,,
FL101117,"Houston, TX",UA,2.2,2.8,延误,空管
FL101118,"Portland, OR",UA,4.1,4.2,,
FL101119,"Denver, CO",UA,3.9,4.3,,
FL101120,"Chicago, IL",UA,1.6,1.3,,
FL101121,"Pittsburgh, PA",UA,1.6,1.5,,
FL101122,"Los Angeles, CA",UA,5.4,5.1,,
FL101123,"Chicago, IL",UA,2.9,2.8,,
FL101124,"Los Angeles, CA",UA,1.3,1.4,,
FL101125,"Newark, NJ",UA,2.5,2.4,,
FL101126,"Chicago, IL",UA,2.0,1.8,,
FL101127,"Dallas/Fort Worth, TX",UA,2.2,1.9,,
FL101128,"Orlando, FL",UA,2.5,2.7,延误,天气
FL101129,"Houston, TX",UA,1.3,1.2,,
FL101130,"Pittsburgh, PA",UA,3.4,3.2,,
FL101131,"Newark, NJ",UA,4.3,4.2,,
FL101132,"Los Angeles, CA",UA,1.6,1.8,延误,前序航班晚到
FL101133,"Chicago, IL",UA,1.3,1.3,,
FL101134,"Houston, TX",UA,2.8,3.9,延误,天气
FL101135,"Madison, WI",UA,2.5,2.4,,
FL101136,"Denver, CO",UA,2.0,2.0,,
FL101137,"Denver, CO",UA,2.5,2.1,,
FL101138,"Buffalo, NY",WN,1.9,1.7,,
FL101139,"Dallas, TX",WN,3.2,3.0,延误,前序航班晚到
FL101140,"Honolulu, HI",WN,1.0,1.0,,
FL101141,"Las Vegas, NV",WN,1.3,1.1,,
FL101142,"Chicago, IL",WN,4.3,4.3,,
FL101143,"Phoenix, AZ",WN,1.5,1.4,,
FL101144,"San Francisco, CA",WN,1.3,1.4,,
FL101145,"Albuquerque, NM",WN,1.7,1.5,,
FL101146,"Nashville, TN",WN,1.4,1.2,,
FL101147,"Cincinnati, OH",WN,1.4,1.4,,
FL101148,"Denver, CO",WN,2.0,1.7,,
FL101149,"Houston, TX",WN,1.2,1.3,延误,航司
FL101150,"Los Angeles, CA",WN,2.3,2.2,,
FL101151,"Chicago, IL",WN,1.1,0.9,,
FL101152,"Oakland, CA",WN,1.5,1.4,,
FL101153,"Pittsburgh, PA",WN,2.5,2.4,,
FL101154,"San Jose, CA",WN,1.3,1.2,,
FL101155,"Tulsa, OK",WN,3.0,2.8,,
FL101156,"Phoenix, AZ",WN,4.3,4.5,,
FL101157,"San Diego, CA",WN,1.6,1.6,延误,前序航班晚到
FL101158,"Santa Ana, CA",WN,1.3,1.3,,
FL101159,"Atlanta, GA",WN,1.8,1.6,,
FL101160,"Burbank, CA",WN,1.2,1.0,延误,前序航班晚到
FL101161,"Dallas, TX",WN,1.7,1.8,,
FL101162,"Denver, CO",WN,1.9,1.8,,
FL101163,"Houston, TX",WN,2.2,1.8,,
FL101164,"Los Angeles, CA",WN,3.4,3.8,延误,前序航班晚到
FL101165,"Chicago, IL",WN,2.3,2.1,,
FL101166,"Oakland, CA",WN,1.4,1.3,延误,航司
FL101167,"Phoenix, AZ",WN,2.2,1.9,,
FL101168,"San Francisco, CA",WN,1.4,1.4,,
FL101169,"St. Louis, MO",WN,1.3,1.1,,
FL101170,"Nashville, TN",WN,1.8,1.4,,
FL101171,"Charleston, SC",WN,1.6,1.5,,
FL101172,"Denver, CO",WN,2.3,2.1,,
FL101173,"Houston, TX",WN,3.1,3.0,,
FL101174,"Los Angeles, CA",WN,2.9,2.8,,
FL101175,"Sacramento, CA",WN,1.3,1.2,,
FL101176,"Atlanta, GA",WN,1.7,1.3,延误,航司
FL101177,"Burbank, CA",WN,1.3,1.1,,
FL101178,"Dallas, TX",WN,2.0,1.9,延误,航司
FL101179,"Denver, CO",WN,2.6,2.7,延误,前序航班晚到
FL101180,"Houston, TX",WN,1.5,1.5,,
FL101181,"Los Angeles, CA",WN,2.0,1.9,,
FL101182,"Chicago, IL",WN,1.8,1.7,,
FL101183,"Oakland, CA",WN,2.0,1.7,,
FL101184,"Pittsburgh, PA",WN,2.3,2.1,,
FL101185,"San Jose, CA",WN,1.3,1.2,,
FL101186,"Tampa, FL",WN,2.3,2.4,,
FL101187,"Nashville, TN",WN,2.8,2.7,,
FL101188,"Baltimore, MD",WN,1.3,1.3,,
FL101189,"Denver, CO",WN,2.1,1.9,,
FL101190,"Grand Rapids, MI",WN,1.6,2.1,延误,空管
FL101191,"Las Vegas, NV",WN,3.2,2.8,,
FL101192,"Kansas City, MO",WN,3.1,2.9,,
FL101193,"Las Vegas, NV",WN,1.5,1.4,延误,航司
FL101194,"Orlando, FL",WN,2.9,2.9,,
FL101195,"Oakland, CA",WN,2.4,2.4,,
FL101196,"Phoenix, AZ",WN,1.8,1.8,延误,航司
FL101197,"San Jose, CA",WN,1.3,1.4,,
FL101198,"Tampa, FL",WN,2.4,2.3,延误,前序航班晚到
FL101199,"Nashville, TN",WN,2.3,2.1,,
FL101200,"Baltimore, MD",WN,1.3,1.0,延误,前序航班晚到
FL101201,"Denver, CO",WN,3.3,3.1,延误,前序航班晚到
FL101202,"Honolulu, HI",WN,0.8,0.7,,
FL101203,"Las Vegas, NV",WN,2.8,2.9,延误,航司
FL101204,"Kansas City, MO",WN,1.8,1.7,,
FL101205,"Manchester, NH",WN,1.6,1.3,,
FL101206,"Portland, OR",WN,1.5,1.5,,
FL101207,"San Diego, CA",WN,1.5,1.3,,
FL101208,"Sacramento, CA",WN,1.5,1.4,,
FL101209,"Atlanta, GA",WN,4.2,4.0,,
FL101210,"Burbank, CA",WN,2.3,2.3,,
FL101211,"Dallas, TX",WN,1.7,1.6,,
FL101212,"Baltimore, MD",WN,1.3,1.0,,
FL101213,"Denver, CO",WN,3.9,4.0,,
FL101214,"Greer, SC",WN,2.3,2.3,,
FL101215,"Las Vegas, NV",WN,1.3,1.3,延误,航司
FL101216,"Orlando, FL",WN,3.9,3.5,,
FL101217,"Milwaukee, WI",WN,2.7,2.6,,
FL101218,"Phoenix, AZ",WN,1.4,1.4,延误,前序航班晚到
FL101219,"San Diego, CA",WN,1.6,1.5,,
FL101220,"Sarasota/Bradenton, FL",WN,2.3,2.8,延误,空管
FL101221,"Austin, TX",WN,1.0,0.9,延误,前序航班晚到
FL101222,"Baltimore, MD",WN,3.3,3.4,延误,航司
FL101223,"Dallas, TX",WN,2.8,2.6,,
FL101224,"Denver, CO",WN,2.6,2.4,,
FL101225,"Houston, TX",WN,2.7,2.2,,
FL101226,"Los Angeles, CA",WN,1.6,1.2,,
FL101227,"Chicago, IL",WN,1.1,1.2,延误,前序航班晚到
FL101228,"Oakland, CA",WN,1.6,1.5,,
FL101229,"Phoenix, AZ",WN,2.9,2.7,,
FL101230,"San Jose, CA",WN,2.5,2.4,,
FL101231,"Chicago, IL",WN,1.2,1.1,延误,航司
FL101232,"Oakland, CA",WN,4.1,4.0,,
FL101233,"Phoenix, AZ",WN,1.9,1.9,,
FL101234,"San Jose, CA",WN,3.5,3.4,,
FL101235,"St. Louis, MO",WN,3.8,4.0,延误,前序航班晚到
FL101236,"Nashville, TN",WN,2.3,2.1,,
FL101237,"Cleveland, OH",WN,4.3,4.3,,
FL101238,"Denver, CO",WN,2.4,2.4,,
FL101239,"Houston, TX",WN,2.0,1.9,,
FL101240,"Lubbock, TX",WN,1.2,1.1,,
FL101241,"Chicago, IL",WN,2.1,1.9,,
FL101242,"Ontario, CA",WN,1.2,1.1,,
FL101243,"San Diego, CA",WN,2.9,3.3,延误,空管
FL101244,"Santa Ana, CA",WN,1.3,1.3,,
FL101245,"Atlanta, GA",WN,1.4,1.4,延误,航司
FL101246,"Baltimore, MD",WN,1.9,1.7,,
FL101247,"Dallas, TX",WN,2.8,2.5,,
FL101248,"Denver, CO",WN,3.6,3.1,,
FL101249,"Orlando, FL",WN,2.2,1.8,延误,前序航班晚到
FL101250,"Minneapolis, MN",WN,3.3,3.2,,
FL101251,"Phoenix, AZ",WN,3.3,3.3,延误,前序航班晚到
FL101252,"Seattle, WA",WN,2.4,2.3,,
FL101253,"Tampa, FL",WN,2.3,2.2,,
FL101254,"Nashville, TN",WN,1.6,1.4,,
FL101255,"Baltimore, MD",WN,1.8,1.7,延误,航司
FL101256,"Denver, CO",WN,2.1,1.9,延误,前序航班晚到
FL101257,"Spokane, WA",WN,2.3,2.3,,
FL101258,"Las Vegas, NV",WN,3.2,3.1,,
FL101259,"Kansas City, MO",WN,3.7,3.4,,
FL101260,"Milwaukee, WI",WN,1.5,1.5,,
FL101261,"Phoenix, AZ",WN,1.2,1.0,,
FL101262,"San Diego, CA",WN,1.3,1.4,延误,前序航班晚到
FL101263,"Santa Ana, CA",WN,1.3,1.1,延误,航司
FL101264,"Austin, TX",WN,2.3,2.1,,
FL101265,"Burbank, CA",WN,1.3,1.2,,
FL101266,"Dallas, TX",WN,1.1,1.1,,
FL101267,"Denver, CO",WN,3.3,3.1,,
FL101268,"Austin, TX",WN,2.4,2.5,延误,空管
FL101269,"Baltimore, MD",WN,1.8,1.9,延误,航司
FL101270,"Dallas, TX",WN,3.1,3.4,延误,空管
FL101271,"Denver, CO",WN,2.6,2.5,延误,前序航班晚到
FL101272,"Wichita, KS",WN,1.3,1.2,延误,前序航班晚到
FL101273,"Los Angeles, CA",WN,1.5,1.2,延误,前序航班晚到
FL101274,"Chicago, IL",WN,1.8,1.8,,
FL101275,"Oakland, CA",WN,0.9,1.0,,
FL101276,"Pittsburgh, PA",WN,1.1,0.9,,
FL101277,"San Jose, CA",WN,1.5,1.3,,
FL101278,"Tampa, FL",WN,2.4,2.2,延误,前序航班晚到
FL101279,"Nashville, TN",WN,4.3,4.2,,
FL101280,"Columbus, OH",WN,1.3,1.2,,
FL101281,"Denver, CO",WN,2.3,2.2,,
FL101282,"Houston, TX",WN,2.3,2.5,,
FL101283,"New York, NY",WN,2.4,2.4,延误,航司
FL101284,"Chicago, IL",WN,2.2,2.2,延误,航司
FL101285,"Norfolk, VA",WN,1.0,0.8,延误,前序航班晚到
FL101286,"San Diego, CA",WN,3.3,3.0,,
FL101287,"Omaha, NE",WN,1.3,1.2,,
FL101288,"Richmond, VA",WN,0.8,0.8,,
FL101289,"Salt Lake City, UT",WN,1.5,1.5,,
FL101290,"Valparaiso, FL",WN,1.4,1.3,,
FL101291,"Nashville, TN",WN,4.1,4.0,,
FL101292,"Colorado Springs, CO",WN,3.4,3.4,,
FL101293,"Denver, CO",WN,3.8,4.5,延误,空管
FL101294,"Houston, TX",WN,2.4,2.3,延误,航司
FL101295,"Los Angeles, CA",WN,2.4,2.1,,
FL101296,"Chicago, IL",WN,1.8,1.6,,
FL101297,"Oakland, CA",WN,1.9,1.8,,
FL101298,"Pittsburgh, PA",WN,2.3,2.2,延误,前序航班晚到
FL101299,"San Juan, PR",WN,4.6,4.6,延误,前序航班晚到
FL101300,"Albuquerque, NM",WN,2.1,2.0,,
FL101301,"Boise, ID",WN,2.1,1.8,延误,前序航班晚到
FL101302,"Cincinnati, OH",WN,1.0,0.9,,
FL101303,"Denver, CO",WN,1.8,1.8,,
FL101304,"Houston, TX",WN,3.2,3.1,,
FL101305,"Denver, CO",WN,2.4,2.2,,
FL101306,"Houston, TX",WN,1.3,1.0,,
FL101307,"Las Vegas, NV",WN,4.3,4.1,,
FL101308,"Orlando, FL",WN,2.8,2.5,延误,前序航班晚到
FL101309,"Minneapolis, MN",WN,1.3,1.5,延误,前序航班晚到
FL101310,"Phoenix, AZ",WN,1.8,1.6,延误,航司
FL101311,"San Antonio, TX",WN,3.4,3.5,,
FL101312,"Santa Ana, CA",WN,1.3,1.1,,
FL101313,"Austin, TX",WN,2.2,2.0,,
FL101314,"Baltimore, MD",WN,5.5,5.2,,
FL101315,"Washington, DC",WN,3.1,2.8,,
FL101316,"Greer, SC",WN,0.9,0.8,,
FL101317,"Las Vegas, NV",WN,2.3,2.1,,
FL101318,"Orlando, FL",WN,2.0,1.9,延误,前序航班晚到
FL101319,"Oakland, CA",WN,1.5,1.4,,
FL101320,"Pittsburgh, PA",WN,2.4,2.3,延误,前序航班晚到
FL101321,"San Juan, PR",WN,4.8,5.1,,
FL101322,"Albuquerque, NM",WN,1.6,1.5,,
FL101323,"Nashville, TN",WN,3.5,3.4,延误,前序航班晚到
FL101324,"St. Louis, MO",WN,2.4,2.3,,
FL101325,"Austin, TX",WN,2.1,2.1,,
FL101326,"Baltimore, MD",WN,1.4,1.3,延误,前序航班晚到
FL101327,"Washington, DC",WN,2.6,2.4,,
FL101328,"Fort Lauderdale, FL",WN,2.6,2.4,延误,前序航班晚到
FL101329,"Las Vegas, NV",WN,1.3,1.1,延误,航司
FL101330,"Orlando, FL",WN,1.5,1.5,,
FL101331,"Milwaukee, WI",WN,3.8,3.7,,
FL101332,"Phoenix, AZ",WN,1.8,1.8,,
FL101333,"Savannah, GA",WN,1.7,1.4,,
FL101334,"St. Louis, MO",WN,2.4,0.0,备降,
FL101335,"Birmingham, AL",WN,1.8,1.6,延误,前序航班晚到
FL101336,"Baltimore, MD",WN,0.9,0.8,延误,航司
FL101337,"Washington, DC",WN,2.2,2.0,,
FL101338,"Greer, SC",WN,1.2,1.1,,
FL101339,"Las Vegas, NV",WN,3.5,3.3,,
FL101340,"Orlando, FL",WN,2.3,2.4,,
FL101341,"Minneapolis, MN",WN,2.1,2.0,,
FL101342,"Houston, TX",WN,1.7,1.4,,
FL101343,"Los Angeles, CA",WN,5.9,5.6,,
FL101344,"Chicago, IL",WN,1.8,2.1,延误,空管
FL101345,"Oakland, CA",WN,1.9,1.8,,
FL101346,"Pittsburgh, PA",WN,4.6,4.7,,
FL101347,"San Jose, CA",WN,1.3,1.6,延误,空管
FL101348,"Tampa, FL",WN,3.8,3.8,延误,航司
FL101349,"Baltimore, MD",WN,1.7,1.7,,
FL101350,"Dallas, TX",WN,1.3,1.4,延误,前序航班晚到
FL101351,"Des Moines, IA",WN,1.0,1.0,,
FL101352,"Kona, HI",WN,0.8,0.9,,
FL101353,"Long Beach, CA",WN,3.9,3.9,,
FL101354,"Chicago, IL",WN,1.5,1.5,延误,前序航班晚到
FL101355,"Ontario, CA",WN,1.1,1.2,,
FL101356,"Rochester, NY",WN,1.3,1.1,,
FL101357,"Sacramento, CA",WN,1.4,1.3,,
FL101358,"Atlanta, GA",WN,1.8,1.8,,
FL101359,"Burbank, CA",WN,2.4,2.2,,
FL101360,"Dallas, TX",WN,2.3,1.9,,
FL101361,"Denver, CO",WN,2.3,2.2,延误,前序航班晚到
FL101362,"Wichita, KS",WN,1.3,1.1,,
FL101363,"New York, NY",WN,2.3,2.1,,
FL101364,"Chicago, IL",WN,1.4,1.3,,
FL101365,"Ontario, CA",WN,2.8,2.7,,
FL101366,"Fort Myers, FL",WN,2.5,2.3,,
FL101367,"Houston, TX",WN,1.0,1.0,延误,前序航班晚到
FL101368,"Las Vegas, NV",WN,2.6,2.6,,
FL101369,"Orlando, FL",WN,2.3,2.3,,
FL101370,"New Orleans, LA",WN,1.4,1.4,延误,前序航班晚到
FL101371,"Phoenix, AZ",WN,3.4,3.3,,
FL101372,"San Antonio, TX",WN,3.0,3.0,,
FL101373,"St. Louis, MO",WN,1.2,1.0,延误,前序航班晚到
FL101374,"Austin, TX",WN,2.8,2.8,,
FL101375,"Baltimore, MD",WN,2.6,3.0,延误,空管
FL101376,"Dallas, TX",WN,1.8,1.6,,
FL101377,"El Paso, TX",WN,1.8,1.8,,
FL101378,"Las Vegas, NV",WN,1.2,1.1,,
FL101379,"Kansas City, MO",WN,1.5,1.2,,
FL101380,"Chicago, IL",WN,1.2,0.9,,
FL101381,"Philadelphia, PA",WN,2.1,1.9,,
FL101382,"San Diego, CA",WN,1.6,1.5,,
FL101383,"St. Louis, MO",WN,1.4,1.4,,
FL101384,"Austin, TX",WN,2.6,2.6,延误,前序航班晚到
FL101385,"Baltimore, MD",WN,1.2,0.9,,
FL101386,"Rochester, NY",WN,1.8,1.8,延误,前序航班晚到
FL101387,"Sacramento, CA",WN,3.9,3.8,,
FL101388,"Atlanta, GA",WN,2.3,2.1,,
FL101389,"Burbank, CA",WN,2.0,2.0,,
FL101390,"Dallas, TX",WN,1.8,1.9,,
FL101391,"Denver, CO",WN,2.5,2.6,,
FL101392,"Houston, TX",WN,1.1,1.1,,
FL101393,"Las Vegas, NV",WN,3.2,3.1,,
FL101394,"Orlando, FL",WN,2.9,2.8,延误,航司
FL101395,"Oakland, CA",WN,4.3,4.1,,
FL101396,"Phoenix, AZ",WN,2.3,2.4,延误,航司
FL101397,"Seattle, WA",WN,2.8,3.0,延误,航司
FL101398,"St. Louis, MO",WN,3.4,3.3,,
FL101399,"Austin, TX",WN,1.3,1.2,,
FL101400,"Baltimore, MD",WN,1.7,1.6,延误,前序航班晚到
FL101401,"Dallas, TX",WN,2.4,2.2,,
FL101402,"Detroit, MI",WN,1.4,1.3,,
FL101403,"Jacksonville, FL",WN,1.9,1.8,延误,航司
FL101404,"New York, NY",WN,2.8,2.4,,
FL101405,"Valparaiso, FL",WN,1.5,1.2,延误,前序航班晚到
FL101406,"Nashville, TN",WN,4.1,3.7,延误,前序航班晚到
FL101407,"Colorado Springs, CO",WN,0.8,0.7,,
FL101408,"Denver, CO",WN,2.3,2.3,,
FL101409,"Houston, TX",WN,2.4,2.3,延误,前序航班晚到
FL101410,"Los Angeles, CA",WN,2.3,2.2,,
FL101411,"Chicago, IL",WN,1.2,1.1,,
FL101412,"Oakland, CA",WN,1.5,1.5,,
FL101413,"Pensacola, FL",WN,2.3,2.2,,
FL101414,"San Juan, PR",WN,3.2,3.1,,
FL101415,"Albuquerque, NM",WN,1.6,1.5,,
FL101416,"Nashville, TN",WN,4.1,4.3,,
FL101417,"Columbus, OH",WN,2.7,2.5,,
FL101418,"Denver, CO",WN,2.3,2.1,延误,前序航班晚到
FL101419,"Houston, TX",WN,1.1,0.0,取消,
FL101420,"Las Vegas, NV",WN,1.3,1.3,延误,前序航班晚到
FL101421,"Orlando, FL",WN,2.7,3.3,延误,前序航班晚到
FL101422,"Minneapolis, MN",WN,2.1,1.9,,
FL101423,"Dallas, TX",WN,1.1,1.1,延误,前序航班晚到
FL101424,"Denver, CO",WN,2.8,2.9,,
FL101425,"Indianapolis, IN",WN,2.8,2.6,,
FL101426,"New York, NY",WN,2.7,2.5,,
FL101427,"Chicago, IL",WN,1.6,1.4,,
FL101428,"Ontario, CA",WN,3.3,2.9,,
FL101429,"Fort Myers, FL",WN,2.6,2.5,延误,航司
FL101430,"Sacramento, CA",WN,1.9,1.8,延误,航司
FL101431,"Atlanta, GA",WN,1.9,1.7,,
FL101432,"Burbank, CA",WN,4.0,3.6,,
FL101433,"Dallas, TX",WN,2.4,2.4,,
FL101434,"Denver, CO",WN,1.4,1.3,,
FL101435,"Houston, TX",WN,2.8,3.0,延误,前序航班晚到
FL101436,"Los Angeles, CA",WN,4.0,3.8,延误,前序航班晚到
FL101437,"Chicago, IL",WN,1.8,1.7,延误,航司
FL101438,"Oakland, CA",WN,2.4,2.5,,
FL101439,"Phoenix, AZ",WN,1.8,1.5,延误,航司
FL101440,"Seattle, WA",WN,2.8,2.9,,
FL101441,"St. Louis, MO",WN,2.4,2.4,,
FL101442,"Tulsa, OK",YX,3.2,3.0,,
FL101443,"New York, NY",YX,1.9,1.6,,
FL101444,"New York, NY",YX,2.9,2.9,,
FL101445,"Raleigh/Durham, NC",YX,2.5,2.4,延误,前序航班晚到
FL101446,"Omaha, NE",YX,3.0,2.7,,
FL101447,"New York, NY",YX,2.2,2.1,,
FL101448,"Washington, DC",YX,2.2,2.2,,
FL101449,"New York, NY",YX,1.2,1.3,,
FL101450,"Washington, DC",YX,2.4,2.3,,
FL101451,"Washington, DC",YX,1.7,1.3,延误,前序航班晚到
FL101452,"Washington, DC",YX,2.8,2.6,,
FL101453,"Raleigh/Durham, NC",YX,1.6,1.5,,
FL101454,"Traverse City, MI",YX,2.0,2.1,,
FL101455,"Jacksonville, FL",YX,2.0,2.0,,
FL101456,"Columbus, OH",YX,1.6,1.4,,
FL101457,"New York, NY",YX,3.1,3.2,,
FL101458,"New York, NY",YX,1.6,1.1,,
FL101459,"New York, NY",YX,1.6,1.4,,
FL101460,"New York, NY",YX,1.5,1.4,,
FL101461,"Greensboro/High Point, NC",YX,1.6,1.6,,
FL101462,"Nashville, TN",YX,2.4,2.5,,
FL101463,"Milwaukee, WI",YX,2.0,2.3,延误,前序航班晚到
FL101464,"Indianapolis, IN",YX,1.8,1.5,,
FL101465,"New York, NY",YX,2.4,2.0,,
FL101466,"Chicago, IL",YX,1.2,1.3,,
FL101467,"Washington, DC",YX,3.1,3.1,,
FL101468,"Nantucket, MA",YX,1.3,1.4,,
FL101469,"Boston, MA",YX,1.8,1.7,,
FL101470,"Boston, MA",YX,2.6,2.3,,
FL101471,"Detroit, MI",YX,1.1,0.9,,
FL101472,"Boston, MA",YX,1.6,1.7,,
FL101473,"Nantucket, MA",YX,1.3,1.3,,
FL101474,"Baltimore, MD",YX,1.7,2.0,延误,空管
FL101475,"Martha's Vineyard, MA",YX,1.1,1.2,延误,空管
FL101476,"Traverse City, MI",YX,2.2,2.1,,
FL101477,"New York, NY",YX,2.0,1.9,,
FL101478,"Washington, DC",YX,1.8,1.6,,
FL101479,"New York, NY",YX,1.2,1.3,,
FL101480,"New York, NY",YX,2.3,3.0,延误,空管
FL101481,"Indianapolis, IN",YX,2.3,2.3,延误,空管
FL101482,"Boston, MA",YX,1.9,1.8,,
FL101483,"Indianapolis, IN",YX,2.3,1.8,,
FL101484,"New York, NY",YX,2.0,1.7,,
FL101485,"Boston, MA",YX,1.5,1.6,延误,前序航班晚到
FL101486,"Newark, NJ",YX,2.1,1.7,,
FL101487,"Greer, SC",YX,2.2,2.2,,
FL101488,"Portland, ME",YX,1.6,1.6,,
FL101489,"St. Louis, MO",YX,2.7,2.2,延误,前序航班晚到
FL101490,"Buffalo, NY",YX,1.5,0.0,取消,
FL101491,"Charleston, SC",YX,2.0,1.8,,
FL101492,"Indianapolis, IN",YX,1.3,1.3,,
FL101493,"Greensboro/High Point, NC",YX,1.8,1.4,,
FL101494,"Washington, DC",YX,1.4,1.3,,
FL101495,"Grand Rapids, MI",YX,2.1,2.1,,
FL101496,"Newark, NJ",YX,2.0,1.7,,
FL101497,"Newark, NJ",YX,1.7,1.4,,
FL101498,"Providence, RI",YX,1.4,1.3,,
FL101499,"Syracuse, NY",YX,1.4,0.9,,
