交易号,账单金额,额度档,最近逾期月数,风险信号,风险等级,复核,命中规则数
TX1,3913,低额度,2,确认违约,高,待复核,3
TX11,11073,高额度,1,连续逾期,高,待复核,2
TX21,38358,中额度,0,正常,低,免复核,0
TX31,16646,高额度,0,正常,低,免复核,0
TX41,218668,高额度,0,正常,低,免复核,0
TX51,37042,中额度,5,确认违约,高,待复核,3
TX61,22848,高额度,0,确认违约,高,待复核,1
TX71,780,中额度,0,正常,低,免复核,0
TX81,165254,高额度,0,正常,低,免复核,0
TX91,138180,高额度,6,确认违约,高,待复核,3
TX101,672,中额度,0,正常,低,免复核,0
TX111,105879,高额度,1,连续逾期,高,待复核,2
TX121,46004,中额度,6,确认违约,高,待复核,4
TX131,4000,低额度,1,首次逾期,中,待复核,1
TX141,0,高额度,1,确认违约,高,待复核,2
TX151,86627,中额度,1,连续逾期,高,待复核,2
TX161,24357,低额度,5,连续逾期,高,待复核,3
TX171,37695,高额度,0,正常,低,免复核,0
TX181,12212,高额度,1,连续逾期,高,待复核,2
TX191,59901,高额度,0,正常,低,免复核,0
TX201,750,高额度,0,正常,低,免复核,0
TX211,105607,高额度,0,正常,低,免复核,0
TX221,105167,高额度,3,确认违约,高,待复核,3
TX231,35084,中额度,0,正常,低,免复核,0
TX241,21501,中额度,3,连续逾期,高,待复核,2
TX251,50867,中额度,3,连续逾期,高,待复核,4
TX261,78331,高额度,0,正常,低,免复核,0
TX271,70003,中额度,0,正常,低,免复核,0
TX281,1512,低额度,0,正常,低,免复核,0
TX291,898,高额度,0,确认违约,高,待复核,1
TX301,99209,中额度,0,正常,低,免复核,1
TX311,3697,高额度,0,正常,低,免复核,0
TX321,58362,中额度,3,确认违约,高,待复核,3
TX331,179,高额度,2,确认违约,高,待复核,3
TX341,92,高额度,0,正常,低,免复核,0
TX351,39128,中额度,0,正常,低,免复核,0
TX361,507726,高额度,3,确认违约,高,待复核,5
TX371,83538,高额度,2,确认违约,高,待复核,3
TX381,89055,中额度,0,正常,低,免复核,0
TX391,0,高额度,1,首次逾期,中,待复核,1
TX401,156362,高额度,0,正常,低,免复核,0
TX411,29332,中额度,6,确认违约,高,待复核,3
TX421,25265,低额度,2,连续逾期,高,待复核,3
TX431,91894,中额度,0,超额度用信,中,待复核,2
TX441,350,中额度,0,正常,低,免复核,0
TX451,0,高额度,1,确认违约,高,待复核,2
TX461,152510,高额度,0,正常,低,免复核,1
TX471,355215,高额度,0,确认违约,高,待复核,2
TX481,44930,高额度,1,连续逾期,高,待复核,2
TX491,573,中额度,0,正常,低,免复核,0
TX501,20344,低额度,2,连续逾期,高,待复核,2
TX511,1261,中额度,1,连续逾期,高,待复核,2
TX521,16496,低额度,0,正常,低,免复核,0
TX531,34549,中额度,0,正常,低,免复核,0
TX541,399,高额度,0,正常,低,免复核,0
TX551,4657,中额度,3,确认违约,高,待复核,3
TX561,5780,高额度,0,正常,低,免复核,0
TX571,55788,高额度,1,首次逾期,中,待复核,1
TX581,0,低额度,1,确认违约,高,待复核,2
TX591,30341,高额度,0,正常,低,免复核,0
TX601,23396,高额度,0,正常,低,免复核,0
TX611,44177,高额度,0,正常,低,免复核,0
TX621,36146,高额度,0,正常,低,免复核,0
TX631,1440,中额度,0,正常,低,免复核,0
TX641,148363,高额度,0,正常,低,免复核,0
TX651,0,高额度,0,正常,低,免复核,0
TX661,14150,高额度,0,正常,低,免复核,0
TX671,99568,低额度,5,连续逾期,高,待复核,4
TX681,26650,中额度,0,正常,低,免复核,0
TX691,60015,高额度,0,正常,低,免复核,0
TX701,0,高额度,0,正常,低,免复核,0
TX711,17681,中额度,0,正常,低,免复核,0
TX721,23892,低额度,1,连续逾期,高,待复核,2
TX731,9935,中额度,0,正常,低,免复核,0
TX741,109863,高额度,0,正常,低,免复核,0
TX751,0,中额度,1,首次逾期,中,待复核,1
TX761,43343,中额度,3,确认违约,高,待复核,4
TX771,10733,高额度,0,正常,低,免复核,0
TX781,40732,高额度,3,连续逾期,高,待复核,2
TX791,25382,低额度,3,连续逾期,高,待复核,3
TX801,385,高额度,0,正常,低,免复核,0
TX811,70096,中额度,1,连续逾期,高,待复核,2
TX821,780,高额度,0,正常,低,免复核,0
TX831,2007,高额度,0,正常,低,免复核,0
TX841,79318,中额度,2,连续逾期,高,待复核,3
TX851,20035,低额度,3,连续逾期,高,待复核,2
TX861,0,中额度,0,正常,低,免复核,0
TX871,14591,低额度,0,正常,低,免复核,0
TX881,4935,高额度,0,正常,低,免复核,0
TX891,772,高额度,0,正常,低,免复核,0
TX901,0,高额度,0,正常,低,免复核,0
TX911,86014,中额度,4,连续逾期,高,待复核,3
TX921,0,高额度,1,首次逾期,中,待复核,1
TX931,68411,高额度,0,正常,低,免复核,0
TX941,42543,中额度,1,连续逾期,高,待复核,3
TX951,12897,低额度,0,确认违约,高,待复核,1
TX961,8201,高额度,3,确认违约,高,待复核,3
TX971,11973,高额度,0,确认违约,高,待复核,1
TX981,63903,中额度,0,正常,低,免复核,1
TX991,58300,中额度,1,连续逾期,高,待复核,4
TX1001,94453,中额度,0,正常,低,免复核,1
TX1011,164736,高额度,1,连续逾期,高,待复核,2
TX1021,69398,中额度,0,正常,低,免复核,1
TX1031,1107,高额度,0,正常,低,免复核,0
TX1041,70,低额度,0,正常,低,免复核,0
TX1051,279,中额度,5,连续逾期,高,待复核,2
TX1061,9928,中额度,1,确认违约,高,待复核,3
TX1071,1477,高额度,0,正常,低,免复核,0
TX1081,61383,中额度,0,正常,低,免复核,0
TX1091,22578,中额度,0,正常,低,免复核,0
TX1101,5816,高额度,2,确认违约,高,待复核,3
TX1111,83687,中额度,4,连续逾期,高,待复核,2
TX1121,176502,高额度,1,确认违约,高,待复核,4
TX1131,234328,高额度,0,确认违约,高,待复核,3
TX1141,3400,低额度,0,正常,低,免复核,0
TX1151,396,高额度,0,正常,低,免复核,0
TX1161,70524,中额度,0,超额度用信,中,待复核,2
TX1171,9305,中额度,1,确认违约,高,待复核,3
TX1181,1874,高额度,0,正常,低,免复核,0
TX1191,3093,高额度,0,正常,低,免复核,0
TX1201,108300,中额度,0,正常,低,免复核,1
TX1211,211749,高额度,0,超额度用信,中,待复核,2
TX1221,97043,中额度,0,超额度用信,中,待复核,2
TX1231,50834,中额度,0,确认违约,高,待复核,3
TX1241,140,高额度,0,正常,低,免复核,0
TX1251,225400,高额度,0,正常,低,免复核,1
TX1261,45000,高额度,0,正常,低,免复核,0
TX1271,49017,中额度,0,正常,低,免复核,1
TX1281,38635,高额度,0,正常,低,免复核,0
TX1291,6733,低额度,0,正常,低,免复核,0
TX1301,56807,中额度,2,连续逾期,高,待复核,3
TX1311,26295,高额度,2,确认违约,高,待复核,3
TX1321,6466,高额度,0,正常,低,免复核,0
TX1331,0,高额度,0,正常,低,免复核,0
TX1341,7697,高额度,0,正常,低,免复核,0
TX1351,0,中额度,1,首次逾期,中,待复核,1
TX1361,7818,高额度,0,正常,低,免复核,0
TX1371,5101,高额度,0,正常,低,免复核,0
TX1381,47000,中额度,3,连续逾期,高,待复核,2
TX1391,30381,中额度,6,确认违约,高,待复核,3
TX1401,20755,中额度,0,正常,低,免复核,0
TX1411,467,高额度,0,正常,低,免复核,0
TX1421,6618,高额度,0,正常,低,免复核,0
TX1431,50486,中额度,0,超额度用信,中,待复核,2
TX1441,48432,中额度,4,连续逾期,高,待复核,2
TX1451,11273,低额度,0,正常,低,免复核,0
TX1461,1050,中额度,6,确认违约,高,待复核,3
TX1471,10529,中额度,0,正常,低,免复核,0
TX1481,94585,高额度,0,正常,低,免复核,0
TX1491,36108,中额度,0,正常,低,免复核,0
TX1501,7806,高额度,0,正常,低,免复核,0
TX1511,184676,高额度,0,正常,低,免复核,1
TX1521,337981,高额度,1,连续逾期,高,待复核,3
TX1531,16922,高额度,0,正常,低,免复核,0
TX1541,8222,低额度,2,确认违约,高,待复核,3
TX1551,93420,高额度,0,确认违约,高,待复核,1
TX1561,10929,中额度,0,正常,低,免复核,0
TX1571,24400,高额度,2,连续逾期,高,待复核,2
TX1581,21943,高额度,1,连续逾期,高,待复核,2
TX1591,4064,中额度,0,正常,低,免复核,0
TX1601,2474,中额度,0,正常,低,免复核,0
TX1611,24285,低额度,1,连续逾期,高,待复核,3
TX1621,2635,低额度,1,连续逾期,高,待复核,2
TX1631,67002,高额度,0,正常,低,免复核,0
TX1641,5023,高额度,0,正常,低,免复核,0
TX1651,36954,高额度,0,正常,低,免复核,0
TX1661,49003,中额度,4,连续逾期,高,待复核,3
TX1671,49613,中额度,0,正常,低,免复核,1
TX1681,38746,高额度,0,确认违约,高,待复核,1
TX1691,14931,高额度,0,正常,低,免复核,0
TX1701,20454,中额度,0,正常,低,免复核,0
TX1711,28383,中额度,1,确认违约,高,待复核,3
TX1721,130360,高额度,0,正常,低,免复核,0
TX1731,2977,高额度,0,确认违约,高,待复核,1
TX1741,139406,中额度,0,确认违约,高,待复核,2
TX1751,243196,高额度,0,正常,低,免复核,1
TX1761,7064,高额度,2,连续逾期,高,待复核,2
TX1771,750,高额度,0,正常,低,免复核,0
TX1781,697,高额度,0,正常,低,免复核,0
TX1791,2788,高额度,1,首次逾期,中,待复核,1
TX1801,776,高额度,0,确认违约,高,待复核,1
TX1811,3152,低额度,0,正常,低,免复核,0
TX1821,390,中额度,0,确认违约,高,待复核,1
TX1831,19805,低额度,0,确认违约,高,待复核,2
TX1841,60058,中额度,0,正常,低,免复核,1
TX1851,0,高额度,1,首次逾期,中,待复核,1
TX1861,0,低额度,1,首次逾期,中,待复核,1
TX1871,92265,中额度,0,正常,低,免复核,1
TX1881,89928,中额度,0,正常,低,免复核,1
TX1891,36806,中额度,0,正常,低,免复核,0
TX1901,27388,低额度,0,正常,低,免复核,1
TX1911,780,高额度,0,确认违约,高,待复核,1
TX1921,0,中额度,3,确认违约,高,待复核,3
TX1931,24008,中额度,0,正常,低,免复核,0
TX1941,2049,高额度,0,正常,低,免复核,0
TX1951,88345,中额度,0,正常,低,免复核,1
TX1961,29657,低额度,3,确认违约,高,待复核,4
TX1971,19318,高额度,0,正常,低,免复核,0
TX1981,0,高额度,1,确认违约,高,待复核,2
TX1991,129719,高额度,0,正常,低,免复核,0
TX2001,8602,低额度,0,确认违约,高,待复核,2
TX2011,31475,低额度,2,连续逾期,高,待复核,2
TX2021,10906,高额度,0,正常,低,免复核,0
TX2031,358020,高额度,0,正常,低,免复核,0
TX2041,380,中额度,0,正常,低,免复核,0
TX2051,15148,低额度,4,连续逾期,高,待复核,2
TX2061,711,高额度,0,正常,低,免复核,0
TX2071,82064,中额度,0,正常,低,免复核,0
TX2081,69572,中额度,0,正常,低,免复核,1
TX2091,744,高额度,2,连续逾期,高,待复核,2
TX2101,135489,高额度,0,正常,低,免复核,0
TX2111,116437,中额度,0,正常,低,免复核,1
TX2121,1886,中额度,0,正常,低,免复核,0
TX2131,108660,中额度,6,确认违约,高,待复核,3
TX2141,58841,中额度,1,连续逾期,高,待复核,3
TX2151,31373,中额度,0,正常,低,免复核,0
TX2161,167635,高额度,0,正常,低,免复核,0
TX2171,9078,高额度,0,正常,低,免复核,0
TX2181,10513,高额度,0,正常,低,免复核,0
TX2191,101430,中额度,0,超额度用信,中,待复核,2
TX2201,1070,中额度,1,确认违约,高,待复核,3
TX2211,0,高额度,1,首次逾期,中,待复核,1
TX2221,819,中额度,0,确认违约,高,待复核,1
TX2231,0,高额度,1,首次逾期,中,待复核,1
TX2241,202,高额度,0,正常,低,免复核,0
TX2251,90727,高额度,1,连续逾期,高,待复核,2
TX2261,21054,中额度,0,正常,低,免复核,0
TX2271,3082,中额度,0,正常,低,免复核,0
TX2281,13723,低额度,0,正常,低,免复核,0
TX2291,8210,低额度,2,连续逾期,高,待复核,3
TX2301,188553,高额度,1,连续逾期,高,待复核,3
TX2311,23709,低额度,2,连续逾期,高,待复核,2
TX2321,390,中额度,0,正常,低,免复核,0
TX2331,199671,高额度,0,正常,低,免复核,1
TX2341,81774,中额度,4,连续逾期,高,待复核,4
TX2351,95997,高额度,0,正常,低,免复核,0
TX2361,6565,低额度,1,连续逾期,高,待复核,2
TX2371,187992,高额度,0,正常,低,免复核,1
TX2381,81449,中额度,0,正常,低,免复核,0
TX2391,5265,高额度,4,确认违约,高,待复核,3
TX2401,220,高额度,0,正常,低,免复核,0
TX2411,17776,低额度,0,正常,低,免复核,1
TX2421,1880,高额度,3,连续逾期,高,待复核,2
TX2431,816,高额度,0,确认违约,高,待复核,1
TX2441,67925,高额度,0,正常,低,免复核,0
TX2451,27631,低额度,0,确认违约,高,待复核,2
TX2461,146130,高额度,0,正常,低,免复核,0
TX2471,97905,中额度,6,确认违约,高,待复核,3
TX2481,19403,低额度,2,确认违约,高,待复核,4
TX2491,91936,高额度,2,连续逾期,高,待复核,2
TX2501,138009,高额度,0,确认违约,高,待复核,1
TX2511,31202,低额度,3,确认违约,高,待复核,5
TX2521,153404,高额度,0,超额度用信,中,待复核,2
TX2531,390,低额度,0,确认违约,高,待复核,1
TX2541,2359,高额度,0,正常,低,免复核,0
TX2551,17341,低额度,0,正常,低,免复核,0
TX2561,20138,高额度,0,确认违约,高,待复核,1
TX2571,184650,高额度,0,超额度用信,中,待复核,2
TX2581,17582,高额度,0,正常,低,免复核,0
TX2591,586,高额度,0,正常,低,免复核,0
TX2601,0,中额度,1,确认违约,高,待复核,2
TX2611,66623,高额度,0,正常,低,免复核,0
TX2621,49006,中额度,0,正常,低,免复核,1
TX2631,240790,高额度,0,超额度用信,中,待复核,2
TX2641,70002,中额度,5,确认违约,高,待复核,4
TX2651,2000,高额度,0,确认违约,高,待复核,1
TX2661,4810,高额度,0,确认违约,高,待复核,1
TX2671,34869,高额度,0,正常,低,免复核,0
TX2681,85780,高额度,0,正常,低,免复核,0
TX2691,22923,中额度,0,正常,低,免复核,0
TX2701,6001,低额度,0,正常,低,免复核,0
TX2711,262613,高额度,0,正常,低,免复核,1
TX2721,3333,中额度,0,正常,低,免复核,0
TX2731,31217,中额度,6,连续逾期,高,待复核,2
TX2741,44230,中额度,0,正常,低,免复核,0
TX2751,598,高额度,1,连续逾期,高,待复核,2
TX2761,17742,高额度,0,正常,低,免复核,0
TX2771,87669,中额度,1,连续逾期,高,待复核,3
TX2781,8000,高额度,0,确认违约,高,待复核,1
TX2791,48119,中额度,0,确认违约,高,待复核,2
TX2801,15523,低额度,0,正常,低,免复核,0
TX2811,14296,低额度,1,连续逾期,高,待复核,2
TX2821,28484,低额度,1,连续逾期,高,待复核,3
TX2831,202010,高额度,0,正常,低,免复核,1
TX2841,1952,高额度,0,正常,低,免复核,0
TX2851,5482,高额度,0,正常,低,免复核,0
TX2861,5730,中额度,1,确认违约,高,待复核,3
TX2871,10973,中额度,0,正常,低,免复核,0
TX2881,6808,高额度,0,正常,低,免复核,0
TX2891,296846,高额度,0,超额度用信,中,待复核,2
TX2901,16961,低额度,0,正常,低,免复核,1
TX2911,40561,中额度,0,正常,低,免复核,1
TX2921,49466,中额度,0,正常,低,免复核,1
TX2931,50269,中额度,0,正常,低,免复核,1
TX2941,47559,中额度,0,正常,低,免复核,1
TX2951,80586,中额度,1,连续逾期,高,待复核,4
TX2961,46532,中额度,0,正常,低,免复核,1
TX2971,76917,高额度,0,正常,低,免复核,0
TX2981,50459,中额度,0,超额度用信,中,待复核,2
TX2991,30505,中额度,4,确认违约,高,待复核,3
TX3001,1406,高额度,0,正常,低,免复核,0
TX3011,85965,高额度,1,连续逾期,高,待复核,2
TX3021,18659,低额度,3,确认违约,高,待复核,3
TX3031,32050,中额度,0,正常,低,免复核,0
TX3041,30013,中额度,3,确认违约,高,待复核,3
TX3051,25060,高额度,0,正常,低,免复核,0
TX3061,141415,高额度,0,确认违约,高,待复核,2
TX3071,51303,高额度,0,正常,低,免复核,0
TX3081,42740,中额度,0,正常,低,免复核,1
TX3091,50431,中额度,0,超额度用信,中,待复核,2
TX3101,18487,高额度,0,确认违约,高,待复核,1
TX3111,81415,中额度,0,正常,低,免复核,1
TX3121,109361,中额度,0,正常,低,免复核,1
TX3131,122810,高额度,0,正常,低,免复核,0
TX3141,18718,低额度,4,确认违约,高,待复核,4
TX3151,0,高额度,0,确认违约,高,待复核,1
TX3161,251486,高额度,0,正常,低,免复核,1
TX3171,10407,低额度,4,确认违约,高,待复核,3
TX3181,16139,中额度,1,连续逾期,高,待复核,2
TX3191,22683,高额度,1,连续逾期,高,待复核,2
TX3201,60597,中额度,1,确认违约,高,待复核,5
TX3211,213894,高额度,6,连续逾期,高,待复核,3
TX3221,0,高额度,0,正常,低,免复核,0
TX3231,28132,高额度,0,确认违约,高,待复核,1
TX3241,3594,中额度,0,正常,低,免复核,0
TX3251,86883,中额度,0,正常,低,免复核,0
TX3261,131629,高额度,0,正常,低,免复核,0
TX3271,93070,高额度,4,确认违约,高,待复核,3
TX3281,729,高额度,0,正常,低,免复核,0
TX3291,2346,中额度,0,确认违约,高,待复核,1
TX3301,29717,低额度,3,连续逾期,高,待复核,3
TX3311,107507,中额度,3,确认违约,高,待复核,4
TX3321,3982,高额度,0,正常,低,免复核,0
TX3331,49612,中额度,2,连续逾期,高,待复核,3
TX3341,14895,中额度,0,正常,低,免复核,0
TX3351,23171,低额度,6,确认违约,高,待复核,3
TX3361,139172,高额度,1,连续逾期,高,待复核,3
TX3371,36124,低额度,0,确认违约,高,待复核,3
TX3381,17432,低额度,0,正常,低,免复核,1
TX3391,6535,低额度,2,确认违约,高,待复核,3
TX3401,26555,高额度,0,正常,低,免复核,0
TX3411,7606,低额度,0,确认违约,高,待复核,1
TX3421,408568,高额度,0,正常,低,免复核,1
TX3431,3571,高额度,1,确认违约,高,待复核,3
TX3441,16022,高额度,0,正常,低,免复核,0
TX3451,5382,高额度,0,确认违约,高,待复核,1
TX3461,63185,中额度,0,正常,低,免复核,0
TX3471,4,中额度,1,确认违约,高,待复核,2
TX3481,630,高额度,0,正常,低,免复核,0
TX3491,1473,中额度,0,确认违约,高,待复核,1
TX3501,17643,低额度,6,确认违约,高,待复核,3
TX3511,19839,中额度,0,正常,低,免复核,0
TX3521,0,高额度,1,首次逾期,中,待复核,1
TX3531,440,中额度,0,正常,低,免复核,0
TX3541,4535,中额度,3,确认违约,高,待复核,3
TX3551,2000,中额度,2,确认违约,高,待复核,3
TX3561,7431,中额度,6,确认违约,高,待复核,3
TX3571,66376,高额度,0,正常,低,免复核,0
TX3581,206,高额度,0,确认违约,高,待复核,1
TX3591,15166,低额度,0,正常,低,免复核,0
TX3601,0,高额度,1,首次逾期,中,待复核,1
TX3611,204191,高额度,0,正常,低,免复核,1
TX3621,3299,高额度,0,正常,低,免复核,0
TX3631,3158,低额度,0,正常,低,免复核,0
TX3641,29368,中额度,6,连续逾期,高,待复核,2
TX3651,82691,高额度,0,正常,低,免复核,0
TX3661,73798,高额度,0,正常,低,免复核,0
TX3671,0,高额度,1,首次逾期,中,待复核,1
TX3681,9934,低额度,0,正常,低,免复核,0
TX3691,0,高额度,1,首次逾期,中,待复核,1
TX3701,83400,中额度,0,超额度用信,中,待复核,2
TX3711,84484,高额度,0,正常,低,免复核,0
TX3721,0,中额度,1,确认违约,高,待复核,2
TX3731,82198,中额度,1,连续逾期,高,待复核,4
TX3741,89418,中额度,0,正常,低,免复核,0
TX3751,1428,高额度,0,确认违约,高,待复核,1
TX3761,46089,中额度,0,正常,低,免复核,0
TX3771,80577,中额度,0,超额度用信,中,待复核,2
TX3781,4654,中额度,0,正常,低,免复核,0
TX3791,1197,高额度,0,确认违约,高,待复核,1
TX3801,14896,低额度,0,超额度用信,中,待复核,2
TX3811,76184,中额度,0,正常,低,免复核,1
TX3821,3208,高额度,2,连续逾期,高,待复核,2
TX3831,0,高额度,0,正常,低,免复核,0
TX3841,60381,高额度,1,连续逾期,高,待复核,2
TX3851,49252,中额度,2,确认违约,高,待复核,4
TX3861,51671,中额度,0,超额度用信,中,待复核,2
TX3871,0,低额度,1,确认违约,高,待复核,2
TX3881,18341,高额度,0,正常,低,免复核,0
TX3891,2147,中额度,0,正常,低,免复核,0
TX3901,68629,中额度,0,正常,低,免复核,0
TX3911,390,中额度,1,确认违约,高,待复核,3
TX3921,2630,高额度,0,确认违约,高,待复核,1
TX3931,37596,中额度,0,正常,低,免复核,0
TX3941,74813,高额度,0,正常,低,免复核,0
TX3951,122246,中额度,4,连续逾期,高,待复核,4
TX3961,16659,低额度,1,连续逾期,高,待复核,3
TX3971,3759,高额度,0,正常,低,免复核,0
TX3981,71702,高额度,0,确认违约,高,待复核,1
TX3991,138103,高额度,6,确认违约,高,待复核,3
TX4001,2030,低额度,2,连续逾期,高,待复核,2
TX4011,92636,中额度,0,正常,低,免复核,0
TX4021,49798,中额度,0,正常,低,免复核,1
TX4031,98542,中额度,0,正常,低,免复核,1
TX4041,8,高额度,1,首次逾期,中,待复核,1
TX4051,1055,高额度,0,正常,低,免复核,0
TX4061,44500,高额度,0,正常,低,免复核,0
TX4071,4157,高额度,0,正常,低,免复核,0
TX4081,23998,中额度,0,正常,低,免复核,0
TX4091,35166,中额度,0,正常,低,免复核,0
TX4101,890,中额度,0,确认违约,高,待复核,1
TX4111,13770,中额度,0,正常,低,免复核,0
TX4121,109259,中额度,0,正常,低,免复核,0
TX4131,42462,中额度,0,确认违约,高,待复核,2
TX4141,29965,低额度,0,正常,低,免复核,1
TX4151,192910,高额度,0,正常,低,免复核,1
TX4161,35906,中额度,6,连续逾期,高,待复核,2
TX4171,13497,中额度,0,正常,低,免复核,0
TX4181,6627,中额度,0,正常,低,免复核,0
TX4191,9895,高额度,0,正常,低,免复核,0
TX4201,0,高额度,1,首次逾期,中,待复核,1
TX4211,54074,中额度,0,正常,低,免复核,0
TX4221,351232,高额度,0,超额度用信,中,待复核,2
TX4231,4,高额度,0,正常,低,免复核,0
TX4241,5879,高额度,0,正常,低,免复核,0
TX4251,165,高额度,0,正常,低,免复核,0
TX4261,16128,低额度,0,正常,低,免复核,1
TX4271,46113,高额度,0,正常,低,免复核,0
TX4281,1698,高额度,0,正常,低,免复核,0
TX4291,69282,低额度,0,超额度用信,中,待复核,2
TX4301,2300,低额度,0,确认违约,高,待复核,1
TX4311,2457,中额度,0,正常,低,免复核,0
TX4321,13207,高额度,0,确认违约,高,待复核,1
TX4331,24386,低额度,6,连续逾期,高,待复核,3
TX4341,322199,高额度,6,连续逾期,高,待复核,3
TX4351,326,高额度,0,确认违约,高,待复核,1
TX4361,107782,高额度,0,正常,低,免复核,0
TX4371,2017,高额度,0,正常,低,免复核,0
TX4381,3642,高额度,0,正常,低,免复核,0
TX4391,8660,低额度,0,确认违约,高,待复核,2
TX4401,0,中额度,0,正常,低,免复核,0
TX4411,70542,中额度,0,正常,低,免复核,0
TX4421,207,高额度,0,正常,低,免复核,0
TX4431,60654,高额度,0,正常,低,免复核,0
TX4441,33740,中额度,1,连续逾期,高,待复核,2
TX4451,18839,低额度,0,正常,低,免复核,1
TX4461,7088,高额度,0,正常,低,免复核,0
TX4471,47702,中额度,6,连续逾期,高,待复核,2
TX4481,166,中额度,3,连续逾期,高,待复核,2
TX4491,13530,中额度,0,正常,低,免复核,0
TX4501,52373,高额度,0,确认违约,高,待复核,1
TX4511,1261,低额度,0,正常,低,免复核,0
TX4521,146,高额度,0,正常,低,免复核,0
TX4531,15953,中额度,0,确认违约,高,待复核,1
TX4541,153833,高额度,0,正常,低,免复核,1
TX4551,13594,低额度,3,确认违约,高,待复核,3
TX4561,50577,中额度,0,确认违约,高,待复核,3
TX4571,163982,高额度,0,超额度用信,中,待复核,2
TX4581,33131,中额度,0,正常,低,免复核,0
TX4591,0,高额度,1,确认违约,高,待复核,2
TX4601,27172,低额度,0,正常,低,免复核,1
TX4611,27276,低额度,1,连续逾期,高,待复核,3
TX4621,754,高额度,0,正常,低,免复核,0
TX4631,59121,中额度,6,确认违约,高,待复核,3
TX4641,76113,高额度,4,连续逾期,高,待复核,2
TX4651,1504,中额度,0,正常,低,免复核,0
TX4661,60110,中额度,0,正常,低,免复核,0
TX4671,403800,高额度,0,确认违约,高,待复核,2
TX4681,224852,高额度,0,超额度用信,中,待复核,2
TX4691,16626,高额度,3,确认违约,高,待复核,3
TX4701,106462,高额度,3,连续逾期,高,待复核,2
TX4711,30382,中额度,1,首次逾期,中,待复核,1
TX4721,10867,高额度,0,正常,低,免复核,0
TX4731,47944,高额度,0,正常,低,免复核,0
TX4741,19606,中额度,4,连续逾期,高,待复核,2
TX4751,35116,中额度,0,确认违约,高,待复核,1
TX4761,653,高额度,1,首次逾期,中,待复核,1
TX4771,0,高额度,1,首次逾期,中,待复核,1
TX4781,351890,高额度,0,超额度用信,中,待复核,2
TX4791,63486,高额度,3,确认违约,高,待复核,3
TX4801,46450,中额度,0,正常,低,免复核,1
TX4811,60700,高额度,0,正常,低,免复核,0
TX4821,88254,中额度,0,正常,低,免复核,1
TX4831,94586,中额度,0,正常,低,免复核,0
TX4841,30411,中额度,3,确认违约,高,待复核,3
TX4851,90375,中额度,0,正常,低,免复核,1
TX4861,87705,高额度,6,确认违约,高,待复核,3
TX4871,3735,高额度,0,确认违约,高,待复核,1
TX4881,93163,高额度,0,正常,低,免复核,0
TX4891,325839,高额度,0,正常,低,免复核,1
TX4901,0,高额度,1,确认违约,高,待复核,2
TX4911,493,中额度,1,连续逾期,高,待复核,2
TX4921,27376,低额度,1,连续逾期,高,待复核,3
TX4931,73233,中额度,0,正常,低,免复核,1
TX4941,20180,低额度,0,正常,低,免复核,0
TX4951,195038,高额度,0,超额度用信,中,待复核,2
TX4961,200239,高额度,0,正常,低,免复核,1
TX4971,109345,中额度,0,正常,低,免复核,1
TX4981,16277,中额度,0,正常,低,免复核,0
TX4991,11777,低额度,2,连续逾期,高,待复核,2
TX5001,0,高额度,1,首次逾期,中,待复核,1
TX5011,16320,低额度,0,正常,低,免复核,1
TX5021,154753,高额度,0,正常,低,免复核,0
TX5031,11640,高额度,0,确认违约,高,待复核,1
TX5041,280,中额度,0,确认违约,高,待复核,1
TX5051,45629,低额度,0,超额度用信,中,待复核,2
TX5061,27548,中额度,1,确认违约,高,待复核,3
TX5071,11054,高额度,0,正常,低,免复核,0
TX5081,13486,低额度,2,确认违约,高,待复核,3
TX5091,62325,中额度,0,超额度用信,中,待复核,2
TX5101,2119,高额度,0,正常,低,免复核,0
TX5111,62737,中额度,0,正常,低,免复核,1
TX5121,69012,高额度,0,正常,低,免复核,0
TX5131,3518,高额度,1,连续逾期,高,待复核,2
TX5141,202225,高额度,0,超额度用信,中,待复核,2
TX5151,5566,低额度,3,确认违约,高,待复核,3
TX5161,10339,高额度,0,正常,低,免复核,0
TX5171,62,高额度,1,首次逾期,中,待复核,1
TX5181,326065,高额度,0,确认违约,高,待复核,2
TX5191,0,中额度,2,连续逾期,高,待复核,2
TX5201,55447,中额度,0,确认违约,高,待复核,2
TX5211,0,低额度,1,确认违约,高,待复核,2
TX5221,169282,高额度,0,正常,低,免复核,1
TX5231,19102,低额度,0,正常,低,免复核,1
TX5241,45861,中额度,0,正常,低,免复核,1
TX5251,6689,低额度,0,正常,低,免复核,0
TX5261,36890,低额度,4,确认违约,高,待复核,4
TX5271,6725,低额度,0,正常,低,免复核,0
TX5281,8634,低额度,0,正常,低,免复核,1
TX5291,102449,高额度,1,连续逾期,高,待复核,2
TX5301,5880,高额度,0,正常,低,免复核,0
TX5311,85030,中额度,0,正常,低,免复核,1
TX5321,869,高额度,0,正常,低,免复核,0
TX5331,47838,中额度,0,正常,低,免复核,1
TX5341,80002,中额度,0,超额度用信,中,待复核,2
TX5351,12188,低额度,1,确认违约,高,待复核,3
TX5361,14554,低额度,0,正常,低,免复核,0
TX5371,3004,高额度,0,正常,低,免复核,0
TX5381,17682,低额度,2,连续逾期,高,待复核,3
TX5391,157131,高额度,6,确认违约,高,待复核,3
TX5401,27891,高额度,0,正常,低,免复核,0
TX5411,690,高额度,0,正常,低,免复核,0
TX5421,1801,高额度,0,正常,低,免复核,0
TX5431,23820,高额度,0,正常,低,免复核,0
TX5441,22033,中额度,1,连续逾期,高,待复核,2
TX5451,1659,低额度,0,正常,低,免复核,0
TX5461,834,高额度,1,连续逾期,高,待复核,2
TX5471,24050,中额度,0,正常,低,免复核,0
TX5481,81358,中额度,0,超额度用信,中,待复核,2
TX5491,255049,高额度,0,正常,低,免复核,1
TX5501,161186,高额度,0,正常,低,免复核,1
TX5511,1488,高额度,0,正常,低,免复核,0
TX5521,26979,中额度,0,正常,低,免复核,0
TX5531,52636,低额度,0,超额度用信,中,待复核,2
TX5541,17229,低额度,1,连续逾期,高,待复核,3
TX5551,99905,中额度,0,超额度用信,中,待复核,2
TX5561,106750,中额度,0,超额度用信,中,待复核,2
TX5571,26739,高额度,0,正常,低,免复核,0
TX5581,59932,高额度,2,连续逾期,高,待复核,2
TX5591,380,中额度,0,正常,低,免复核,0
TX5601,82628,中额度,1,确认违约,高,待复核,5
TX5611,157818,高额度,6,确认违约,高,待复核,4
TX5621,37794,高额度,0,正常,低,免复核,0
TX5631,39092,低额度,1,确认违约,高,待复核,4
TX5641,24708,高额度,0,正常,低,免复核,0
TX5651,0,低额度,3,连续逾期,高,待复核,2
TX5661,22,中额度,1,首次逾期,中,待复核,1
TX5671,0,高额度,0,正常,低,免复核,0
TX5681,126695,高额度,0,正常,低,免复核,0
TX5691,780,中额度,0,确认违约,高,待复核,1
TX5701,2743,高额度,0,确认违约,高,待复核,1
TX5711,32540,低额度,0,确认违约,高,待复核,2
TX5721,2500,高额度,2,连续逾期,高,待复核,2
TX5731,1149,中额度,0,正常,低,免复核,0
TX5741,16953,高额度,0,正常,低,免复核,0
TX5751,147333,高额度,6,确认违约,高,待复核,4
TX5761,23819,低额度,0,正常,低,免复核,0
TX5771,2826,高额度,3,确认违约,高,待复核,3
TX5781,1769,中额度,0,正常,低,免复核,0
TX5791,780,中额度,0,正常,低,免复核,0
TX5801,0,中额度,1,确认违约,高,待复核,2
TX5811,2454,中额度,0,正常,低,免复核,0
TX5821,82150,中额度,0,超额度用信,中,待复核,2
TX5831,131292,中额度,0,正常,低,免复核,1
TX5841,65800,中额度,0,正常,低,免复核,0
TX5851,7464,高额度,2,连续逾期,高,待复核,2
TX5861,2348,高额度,0,正常,低,免复核,0
TX5871,149069,高额度,1,确认违约,高,待复核,4
TX5881,24873,高额度,0,正常,低,免复核,0
TX5891,234900,高额度,0,正常,低,免复核,0
TX5901,5800,中额度,0,确认违约,高,待复核,1
TX5911,1580,中额度,0,正常,低,免复核,0
TX5921,105,高额度,0,确认违约,高,待复核,1
TX5931,27226,中额度,5,确认违约,高,待复核,3
TX5941,51907,中额度,0,正常,低,免复核,1
TX5951,95326,中额度,0,正常,低,免复核,1
TX5961,331508,高额度,0,正常,低,免复核,1
TX5971,15790,低额度,0,确认违约,高,待复核,1
TX5981,83176,中额度,0,正常,低,免复核,1
TX5991,157122,高额度,2,连续逾期,高,待复核,2
TX6001,13538,中额度,0,正常,低,免复核,0
TX6011,0,高额度,1,首次逾期,中,待复核,1
TX6021,0,中额度,0,正常,低,免复核,0
TX6031,21787,高额度,0,正常,低,免复核,0
TX6041,2400,低额度,6,确认违约,高,待复核,3
TX6051,19282,低额度,0,正常,低,免复核,0
TX6061,248,高额度,1,连续逾期,高,待复核,2
TX6071,74228,中额度,0,正常,低,免复核,1
TX6081,8065,高额度,0,正常,低,免复核,0
TX6091,8036,高额度,0,正常,低,免复核,0
TX6101,58008,高额度,0,正常,低,免复核,0
TX6111,0,高额度,1,首次逾期,中,待复核,1
TX6121,76062,中额度,1,确认违约,高,待复核,5
TX6131,69046,高额度,0,正常,低,免复核,0
TX6141,2542,高额度,0,正常,低,免复核,0
TX6151,3928,高额度,1,确认违约,高,待复核,2
TX6161,0,高额度,1,确认违约,高,待复核,2
TX6171,19961,低额度,0,正常,低,免复核,1
TX6181,598,高额度,0,确认违约,高,待复核,1
TX6191,45578,中额度,0,正常,低,免复核,1
TX6201,26411,低额度,0,正常,低,免复核,1
TX6211,44654,中额度,6,连续逾期,高,待复核,3
TX6221,836,中额度,1,连续逾期,高,待复核,2
TX6231,10198,低额度,0,正常,低,免复核,0
TX6241,118402,高额度,1,确认违约,高,待复核,3
TX6251,6691,低额度,0,正常,低,免复核,0
TX6261,74487,中额度,0,正常,低,免复核,1
TX6271,25043,中额度,0,正常,低,免复核,0
TX6281,682,高额度,0,正常,低,免复核,0
TX6291,38604,中额度,0,正常,低,免复核,0
TX6301,7134,低额度,6,连续逾期,高,待复核,2
TX6311,0,高额度,0,正常,低,免复核,0
TX6321,26551,低额度,6,确认违约,高,待复核,4
TX6331,455042,高额度,0,正常,低,免复核,1
TX6341,78401,中额度,0,正常,低,免复核,1
TX6351,76,高额度,0,正常,低,免复核,0
TX6361,121508,中额度,0,正常,低,免复核,1
TX6371,113722,中额度,4,连续逾期,高,待复核,3
TX6381,141346,高额度,0,正常,低,免复核,1
TX6391,46006,高额度,0,正常,低,免复核,0
TX6401,48025,中额度,0,正常,低,免复核,1
TX6411,0,高额度,0,正常,低,免复核,0
TX6421,80012,高额度,1,确认违约,高,待复核,3
TX6431,780,中额度,0,正常,低,免复核,0
TX6441,0,中额度,1,首次逾期,中,待复核,1
TX6451,33713,中额度,0,正常,低,免复核,0
TX6461,1630,高额度,0,正常,低,免复核,0
TX6471,4763,高额度,2,连续逾期,高,待复核,2
TX6481,1256,中额度,1,首次逾期,中,待复核,1
TX6491,6808,中额度,0,正常,低,免复核,0
TX6501,6817,低额度,2,确认违约,高,待复核,3
TX6511,32562,中额度,0,正常,低,免复核,0
TX6521,9092,高额度,1,确认违约,高,待复核,3
TX6531,0,高额度,1,确认违约,高,待复核,2
TX6541,61432,中额度,6,确认违约,高,待复核,5
TX6551,52935,中额度,3,确认违约,高,待复核,5
TX6561,46889,中额度,0,正常,低,免复核,0
TX6571,2,中额度,1,首次逾期,中,待复核,1
TX6581,20052,低额度,0,超额度用信,中,待复核,2
TX6591,0,高额度,0,正常,低,免复核,0
TX6601,7719,低额度,6,连续逾期,高,待复核,2
TX6611,29645,中额度,0,正常,低,免复核,0
TX6621,622,高额度,0,正常,低,免复核,0
TX6631,71708,中额度,0,正常,低,免复核,0
TX6641,130705,中额度,0,确认违约,高,待复核,3
TX6651,47404,中额度,0,正常,低,免复核,1
TX6661,4062,高额度,0,正常,低,免复核,0
TX6671,111710,高额度,0,正常,低,免复核,0
TX6681,88014,中额度,0,正常,低,免复核,0
TX6691,153720,高额度,0,超额度用信,中,待复核,2
TX6701,88420,中额度,1,确认违约,高,待复核,4
TX6711,78230,中额度,0,正常,低,免复核,1
TX6721,296186,高额度,0,正常,低,免复核,1
TX6731,1863,高额度,0,正常,低,免复核,0
TX6741,0,高额度,1,首次逾期,中,待复核,1
TX6751,22352,低额度,6,确认违约,高,待复核,3
TX6761,50680,中额度,0,正常,低,免复核,0
TX6771,11445,高额度,0,正常,低,免复核,0
TX6781,150797,高额度,0,超额度用信,中,待复核,2
TX6791,48,高额度,0,正常,低,免复核,0
TX6801,15089,低额度,3,确认违约,高,待复核,3
TX6811,7930,低额度,0,正常,低,免复核,0
TX6821,183718,高额度,0,确认违约,高,待复核,2
TX6831,84133,中额度,0,正常,低,免复核,0
TX6841,4300,高额度,1,首次逾期,中,待复核,1
TX6851,281604,高额度,0,超额度用信,中,待复核,2
TX6861,87815,高额度,0,正常,低,免复核,0
TX6871,52108,中额度,2,连续逾期,高,待复核,4
TX6881,69470,中额度,0,正常,低,免复核,1
TX6891,48783,中额度,0,正常,低,免复核,0
TX6901,5070,高额度,0,正常,低,免复核,0
TX6911,181302,高额度,0,超额度用信,中,待复核,2
TX6921,0,高额度,0,确认违约,高,待复核,1
TX6931,0,高额度,1,首次逾期,中,待复核,1
TX6941,18460,高额度,0,正常,低,免复核,0
TX6951,41991,中额度,3,连续逾期,高,待复核,3
TX6961,48538,中额度,0,正常,低,免复核,1
TX6971,371,高额度,0,正常,低,免复核,0
TX6981,44552,高额度,0,正常,低,免复核,0
TX6991,5119,低额度,3,连续逾期,高,待复核,2
TX7001,20741,低额度,0,正常,低,免复核,0
TX7011,4323,高额度,0,正常,低,免复核,0
TX7021,55396,高额度,0,正常,低,免复核,0
TX7031,38173,中额度,0,正常,低,免复核,0
TX7041,39823,高额度,0,正常,低,免复核,0
TX7051,217016,高额度,0,确认违约,高,待复核,3
TX7061,12006,中额度,1,连续逾期,高,待复核,2
TX7071,28054,中额度,4,确认违约,高,待复核,3
TX7081,347994,高额度,2,连续逾期,高,待复核,2
TX7091,114538,中额度,0,正常,低,免复核,1
TX7101,108924,高额度,0,正常,低,免复核,0
TX7111,68928,高额度,0,正常,低,免复核,0
TX7121,1290,高额度,0,正常,低,免复核,0
TX7131,16357,中额度,2,确认违约,高,待复核,3
TX7141,94056,中额度,0,正常,低,免复核,1
TX7151,1227,高额度,0,正常,低,免复核,0
TX7161,20873,中额度,0,正常,低,免复核,0
TX7171,0,中额度,1,首次逾期,中,待复核,1
TX7181,400,高额度,0,正常,低,免复核,0
TX7191,61089,中额度,0,正常,低,免复核,0
TX7201,61708,中额度,1,连续逾期,高,待复核,2
TX7211,9124,中额度,0,正常,低,免复核,0
TX7221,7032,低额度,0,正常,低,免复核,0
TX7231,7465,中额度,0,正常,低,免复核,0
TX7241,2846,高额度,0,正常,低,免复核,0
TX7251,116212,高额度,1,确认违约,高,待复核,3
TX7261,28835,高额度,0,正常,低,免复核,0
TX7271,37160,中额度,6,确认违约,高,待复核,3
TX7281,63715,高额度,0,正常,低,免复核,0
TX7291,69937,中额度,0,正常,低,免复核,1
TX7301,9459,低额度,0,正常,低,免复核,1
TX7311,82623,中额度,6,确认违约,高,待复核,4
TX7321,3328,高额度,0,正常,低,免复核,0
TX7331,2459,高额度,0,正常,低,免复核,0
TX7341,168068,高额度,0,正常,低,免复核,0
TX7351,20452,高额度,0,正常,低,免复核,0
TX7361,264,高额度,1,连续逾期,高,待复核,2
TX7371,1972,高额度,0,确认违约,高,待复核,1
TX7381,145907,高额度,0,正常,低,免复核,0
TX7391,371917,高额度,0,正常,低,免复核,1
TX7401,12393,中额度,0,正常,低,免复核,0
TX7411,15768,低额度,0,正常,低,免复核,0
TX7421,0,高额度,1,首次逾期,中,待复核,1
TX7431,0,高额度,0,正常,低,免复核,0
TX7441,2410,中额度,0,正常,低,免复核,0
TX7451,113932,高额度,0,确认违约,高,待复核,1
TX7461,171565,高额度,0,正常,低,免复核,0
TX7471,169531,高额度,0,正常,低,免复核,1
TX7481,111541,中额度,4,确认违约,高,待复核,5
TX7491,19006,低额度,5,确认违约,高,待复核,4
TX7501,17144,高额度,2,连续逾期,高,待复核,2
TX7511,3859,高额度,0,正常,低,免复核,0
TX7521,176294,高额度,0,正常,低,免复核,0
TX7531,237881,高额度,6,确认违约,高,待复核,4
TX7541,19951,高额度,0,正常,低,免复核,0
TX7551,27414,低额度,0,正常,低,免复核,1
TX7561,59794,中额度,6,确认违约,高,待复核,4
TX7571,50708,中额度,0,超额度用信,中,待复核,2
TX7581,277523,高额度,0,正常,低,免复核,0
TX7591,57034,中额度,0,正常,低,免复核,1
TX7601,0,低额度,1,首次逾期,中,待复核,1
TX7611,71339,中额度,5,连续逾期,高,待复核,4
TX7621,390,高额度,2,连续逾期,高,待复核,2
TX7631,325,高额度,0,正常,低,免复核,0
TX7641,2785,高额度,0,正常,低,免复核,0
TX7651,45810,高额度,0,确认违约,高,待复核,1
TX7661,78950,中额度,1,确认违约,高,待复核,4
TX7671,0,中额度,0,正常,低,免复核,0
TX7681,153880,高额度,0,正常,低,免复核,0
TX7691,95972,中额度,0,正常,低,免复核,1
TX7701,0,中额度,1,确认违约,高,待复核,2
TX7711,24645,高额度,0,正常,低,免复核,0
TX7721,19082,低额度,0,正常,低,免复核,1
TX7731,4794,中额度,0,正常,低,免复核,0
TX7741,5472,高额度,0,正常,低,免复核,0
TX7751,80491,中额度,0,超额度用信,中,待复核,2
TX7761,6270,中额度,2,确认违约,高,待复核,3
TX7771,1285,中额度,0,正常,低,免复核,0
TX7781,45738,中额度,0,确认违约,高,待复核,1
TX7791,0,中额度,1,首次逾期,中,待复核,1
TX7801,1264,高额度,0,正常,低,免复核,0
TX7811,211630,高额度,6,确认违约,高,待复核,3
TX7821,143200,高额度,0,正常,低,免复核,0
TX7831,711,中额度,0,确认违约,高,待复核,1
TX7841,6319,高额度,0,正常,低,免复核,0
TX7851,103398,高额度,3,连续逾期,高,待复核,2
TX7861,26798,中额度,5,确认违约,高,待复核,3
TX7871,299,高额度,0,正常,低,免复核,0
TX7881,2400,中额度,6,确认违约,高,待复核,3
TX7891,21359,高额度,0,正常,低,免复核,0
TX7901,12555,高额度,0,正常,低,免复核,0
TX7911,96131,高额度,0,正常,低,免复核,0
TX7921,3351,中额度,0,确认违约,高,待复核,1
TX7931,6,高额度,1,确认违约,高,待复核,2
TX7941,9404,中额度,0,正常,低,免复核,0
TX7951,99768,中额度,0,正常,低,免复核,1
TX7961,18362,低额度,0,正常,低,免复核,1
TX7971,18017,中额度,0,正常,低,免复核,0
TX7981,2629,中额度,0,正常,低,免复核,0
TX7991,48946,中额度,0,正常,低,免复核,1
TX8001,11188,低额度,0,正常,低,免复核,0
TX8011,75903,中额度,0,正常,低,免复核,1
TX8021,30488,低额度,0,确认违约,高,待复核,3
TX8031,41140,中额度,0,正常,低,免复核,1
TX8041,65460,中额度,0,确认违约,高,待复核,2
TX8051,20699,高额度,0,正常,低,免复核,0
TX8061,1793,高额度,0,正常,低,免复核,0
TX8071,7890,高额度,0,正常,低,免复核,0
TX8081,105105,高额度,0,正常,低,免复核,0
TX8091,180922,高额度,3,确认违约,高,待复核,3
TX8101,83312,中额度,0,正常,低,免复核,1
TX8111,40189,中额度,6,连续逾期,高,待复核,3
TX8121,30045,中额度,0,正常,低,免复核,0
TX8131,153002,高额度,0,正常,低,免复核,1
TX8141,7026,低额度,0,正常,低,免复核,0
TX8151,21550,高额度,0,正常,低,免复核,0
TX8161,10856,中额度,1,连续逾期,高,待复核,2
TX8171,133792,中额度,0,超额度用信,中,待复核,2
TX8181,110384,中额度,0,确认违约,高,待复核,1
TX8191,153364,高额度,6,确认违约,高,待复核,4
TX8201,46393,中额度,2,连续逾期,高,待复核,3
TX8211,11613,高额度,0,正常,低,免复核,0
TX8221,9589,中额度,0,正常,低,免复核,0
TX8231,33100,中额度,5,确认违约,高,待复核,3
TX8241,42490,中额度,2,连续逾期,高,待复核,2
TX8251,153994,高额度,2,连续逾期,高,待复核,4
TX8261,298,高额度,0,正常,低,免复核,0
TX8271,21480,高额度,0,正常,低,免复核,0
TX8281,0,低额度,1,首次逾期,中,待复核,1
TX8291,66218,高额度,0,正常,低,免复核,0
TX8301,263796,高额度,0,正常,低,免复核,1
TX8311,33376,高额度,0,正常,低,免复核,0
TX8321,0,高额度,1,确认违约,高,待复核,2
TX8331,8,高额度,0,正常,低,免复核,0
TX8341,51385,高额度,3,确认违约,高,待复核,3
TX8351,5324,低额度,0,正常,低,免复核,0
TX8361,0,中额度,2,连续逾期,高,待复核,2
TX8371,35637,中额度,2,确认违约,高,待复核,3
TX8381,24524,高额度,0,正常,低,免复核,0
TX8391,16035,低额度,2,确认违约,高,待复核,3
TX8401,50332,中额度,3,连续逾期,高,待复核,2
TX8411,2355,高额度,0,确认违约,高,待复核,1
TX8421,18485,中额度,0,正常,低,免复核,0
TX8431,2400,高额度,6,连续逾期,高,待复核,2
TX8441,0,中额度,1,首次逾期,中,待复核,1
TX8451,192132,高额度,0,正常,低,免复核,0
TX8461,54798,高额度,0,正常,低,免复核,0
TX8471,15847,低额度,6,确认违约,高,待复核,3
TX8481,4975,中额度,0,正常,低,免复核,0
TX8491,4797,低额度,1,连续逾期,高,待复核,2
TX8501,6500,高额度,1,连续逾期,高,待复核,2
TX8511,79579,中额度,0,正常,低,免复核,0
TX8521,40587,中额度,6,确认违约,高,待复核,3
TX8531,30857,中额度,0,正常,低,免复核,0
TX8541,54228,高额度,0,正常,低,免复核,0
TX8551,34645,中额度,0,正常,低,免复核,0
TX8561,316,中额度,0,正常,低,免复核,0
TX8571,49604,中额度,0,正常,低,免复核,1
TX8581,195409,高额度,0,正常,低,免复核,1
TX8591,153470,高额度,0,正常,低,免复核,1
TX8601,9262,低额度,1,确认违约,高,待复核,3
TX8611,0,高额度,0,正常,低,免复核,0
TX8621,230738,高额度,0,正常,低,免复核,0
TX8631,780,低额度,2,确认违约,高,待复核,3
TX8641,13383,高额度,0,正常,低,免复核,0
TX8651,18467,低额度,0,正常,低,免复核,1
TX8661,83914,中额度,0,正常,低,免复核,0
TX8671,3140,高额度,0,正常,低,免复核,0
TX8681,39429,中额度,0,正常,低,免复核,0
TX8691,13560,高额度,0,正常,低,免复核,0
TX8701,32782,高额度,0,正常,低,免复核,0
TX8711,0,高额度,1,首次逾期,中,待复核,1
TX8721,0,低额度,2,连续逾期,高,待复核,2
TX8731,22479,低额度,1,连续逾期,高,待复核,2
TX8741,44947,高额度,0,正常,低,免复核,0
TX8751,95278,高额度,0,正常,低,免复核,0
TX8761,23325,中额度,0,正常,低,免复核,0
TX8771,9700,中额度,1,连续逾期,高,待复核,2
TX8781,53718,中额度,1,连续逾期,高,待复核,2
TX8791,63421,高额度,1,连续逾期,高,待复核,2
TX8801,5703,中额度,0,确认违约,高,待复核,1
TX8811,0,高额度,1,确认违约,高,待复核,2
TX8821,11237,中额度,1,确认违约,高,待复核,3
TX8831,42923,中额度,1,连续逾期,高,待复核,3
TX8841,2340,中额度,0,正常,低,免复核,0
TX8851,17374,低额度,0,正常,低,免复核,1
TX8861,46633,中额度,1,连续逾期,高,待复核,2
TX8871,143701,高额度,0,正常,低,免复核,0
TX8881,495736,高额度,0,正常,低,免复核,0
TX8891,141552,高额度,0,正常,低,免复核,0
TX8901,291,高额度,0,正常,低,免复核,0
TX8911,71501,中额度,3,连续逾期,高,待复核,4
TX8921,25742,中额度,0,正常,低,免复核,0
TX8931,181076,高额度,0,超额度用信,中,待复核,2
TX8941,188072,高额度,0,正常,低,免复核,1
TX8951,51672,高额度,0,正常,低,免复核,0
TX8961,25649,中额度,0,正常,低,免复核,0
TX8971,194654,高额度,0,正常,低,免复核,0
TX8981,170,高额度,0,正常,低,免复核,0
TX8991,65863,中额度,0,正常,低,免复核,0
TX9001,47911,中额度,0,正常,低,免复核,1
TX9011,316,高额度,0,正常,低,免复核,0
TX9021,37772,高额度,0,正常,低,免复核,0
TX9031,76752,中额度,0,正常,低,免复核,1
TX9041,20838,低额度,2,确认违约,高,待复核,5
TX9051,0,中额度,1,首次逾期,中,待复核,1
TX9061,14720,低额度,0,正常,低,免复核,0
TX9071,44421,中额度,1,连续逾期,高,待复核,3
TX9081,0,高额度,1,确认违约,高,待复核,2
TX9091,215459,高额度,0,正常,低,免复核,0
TX9101,15972,低额度,0,确认违约,高,待复核,1
TX9111,88069,高额度,6,确认违约,高,待复核,3
TX9121,1473,高额度,0,正常,低,免复核,0
TX9131,50710,中额度,1,确认违约,高,待复核,5
TX9141,9625,高额度,0,正常,低,免复核,0
TX9151,8840,高额度,0,正常,低,免复核,0
TX9161,28,高额度,0,正常,低,免复核,0
TX9171,29773,中额度,2,确认违约,高,待复核,3
TX9181,308013,高额度,0,超额度用信,中,待复核,2
TX9191,33866,中额度,4,确认违约,高,待复核,3
TX9201,470317,高额度,1,连续逾期,高,待复核,3
TX9211,46736,中额度,2,确认违约,高,待复核,3
TX9221,3872,高额度,0,正常,低,免复核,0
TX9231,0,中额度,1,首次逾期,中,待复核,1
TX9241,0,高额度,0,正常,低,免复核,0
TX9251,149218,高额度,1,连续逾期,高,待复核,3
TX9261,71720,中额度,0,正常,低,免复核,1
TX9271,145574,高额度,0,正常,低,免复核,1
TX9281,91662,高额度,3,连续逾期,高,待复核,2
TX9291,131310,高额度,0,正常,低,免复核,0
TX9301,9821,中额度,0,确认违约,高,待复核,1
TX9311,5497,高额度,0,确认违约,高,待复核,1
TX9321,97925,高额度,0,正常,低,免复核,0
TX9331,215928,高额度,0,正常,低,免复核,1
TX9341,30330,低额度,3,确认违约,高,待复核,5
TX9351,14986,高额度,0,正常,低,免复核,0
TX9361,8383,高额度,0,正常,低,免复核,0
TX9371,15000,中额度,0,确认违约,高,待复核,1
TX9381,21958,高额度,0,正常,低,免复核,0
TX9391,4279,高额度,0,正常,低,免复核,0
TX9401,44849,中额度,0,确认违约,高,待复核,2
TX9411,6023,高额度,0,正常,低,免复核,0
TX9421,1943,高额度,0,正常,低,免复核,0
TX9431,0,低额度,2,连续逾期,高,待复核,2
TX9441,200,中额度,1,连续逾期,高,待复核,2
TX9451,150758,高额度,0,正常,低,免复核,0
TX9461,66174,中额度,0,确认违约,高,待复核,2
TX9471,7489,中额度,0,正常,低,免复核,0
TX9481,0,高额度,1,确认违约,高,待复核,2
TX9491,48255,中额度,0,正常,低,免复核,1
TX9501,9255,中额度,0,正常,低,免复核,0
TX9511,7914,高额度,0,正常,低,免复核,0
TX9521,157,高额度,0,正常,低,免复核,0
TX9531,58337,高额度,0,正常,低,免复核,0
TX9541,38031,中额度,0,正常,低,免复核,0
TX9551,73113,中额度,6,连续逾期,高,待复核,3
TX9561,91538,中额度,0,正常,低,免复核,1
TX9571,63695,中额度,3,连续逾期,高,待复核,2
TX9581,46430,中额度,0,正常,低,免复核,0
TX9591,30832,低额度,0,超额度用信,中,待复核,2
TX9601,0,中额度,1,首次逾期,中,待复核,1
TX9611,4213,高额度,0,正常,低,免复核,0
TX9621,741,高额度,0,正常,低,免复核,0
TX9631,98033,中额度,2,连续逾期,高,待复核,3
TX9641,14181,低额度,2,确认违约,高,待复核,3
TX9651,63000,中额度,6,确认违约,高,待复核,4
TX9661,27160,低额度,6,确认违约,高,待复核,4
TX9671,1860,高额度,1,首次逾期,中,待复核,1
TX9681,214261,高额度,1,连续逾期,高,待复核,4
TX9691,194868,高额度,0,正常,低,免复核,0
TX9701,13759,高额度,0,正常,低,免复核,0
TX9711,1657,高额度,0,正常,低,免复核,0
TX9721,86239,高额度,0,正常,低,免复核,0
TX9731,15169,低额度,4,连续逾期,高,待复核,2
TX9741,50094,中额度,0,超额度用信,中,待复核,2
TX9751,117010,高额度,0,正常,低,免复核,0
TX9761,233717,高额度,0,正常,低,免复核,1
TX9771,3492,中额度,2,确认违约,高,待复核,3
TX9781,1729,高额度,0,正常,低,免复核,0
TX9791,4553,中额度,2,连续逾期,高,待复核,2
TX9801,19766,中额度,0,正常,低,免复核,0
TX9811,52266,中额度,1,连续逾期,高,待复核,2
TX9821,36060,低额度,6,连续逾期,高,待复核,4
TX9831,7832,高额度,1,连续逾期,高,待复核,2
TX9841,1050,高额度,2,确认违约,高,待复核,3
TX9851,22821,高额度,0,正常,低,免复核,0
TX9861,106223,高额度,0,正常,低,免复核,0
TX9871,600,中额度,6,确认违约,高,待复核,3
TX9881,157074,高额度,6,确认违约,高,待复核,4
TX9891,12751,中额度,0,正常,低,免复核,0
TX9901,19565,低额度,2,连续逾期,高,待复核,3
TX9911,57041,中额度,0,正常,低,免复核,1
TX9921,138839,高额度,6,连续逾期,高,待复核,2
TX9931,3477,中额度,0,正常,低,免复核,0
TX9941,1380,高额度,3,确认违约,高,待复核,3
TX9951,4323,中额度,3,连续逾期,高,待复核,2
TX9961,136899,中额度,0,正常,低,免复核,1
TX9971,6933,低额度,0,确认违约,高,待复核,1
TX9981,101874,高额度,0,正常,低,免复核,0
TX9991,47644,高额度,0,正常,低,免复核,0
TX10001,2500,高额度,0,正常,低,免复核,0
TX10011,2341,高额度,1,首次逾期,中,待复核,1
TX10021,3209,高额度,0,正常,低,免复核,0
TX10031,90654,高额度,0,正常,低,免复核,0
TX10041,0,高额度,0,正常,低,免复核,0
TX10051,31666,高额度,0,正常,低,免复核,0
TX10061,5300,低额度,0,正常,低,免复核,0
TX10071,60206,高额度,0,正常,低,免复核,0
TX10081,55505,中额度,0,正常,低,免复核,1
TX10091,116070,高额度,0,正常,低,免复核,0
TX10101,4108,高额度,0,正常,低,免复核,0
TX10111,0,高额度,1,首次逾期,中,待复核,1
TX10121,84647,高额度,6,确认违约,高,待复核,3
TX10131,156454,高额度,0,正常,低,免复核,0
TX10141,0,高额度,2,确认违约,高,待复核,3
TX10151,51997,高额度,0,正常,低,免复核,0
TX10161,5800,高额度,0,正常,低,免复核,0
TX10171,0,高额度,1,首次逾期,中,待复核,1
TX10181,25741,低额度,3,确认违约,高,待复核,3
TX10191,12099,高额度,1,首次逾期,中,待复核,1
TX10201,390,高额度,0,正常,低,免复核,0
TX10211,23418,中额度,3,连续逾期,高,待复核,2
TX10221,49689,中额度,0,正常,低,免复核,1
TX10231,131877,中额度,6,连续逾期,高,待复核,3
TX10241,3515,低额度,3,确认违约,高,待复核,3
TX10251,0,中额度,1,首次逾期,中,待复核,1
TX10261,171465,高额度,0,超额度用信,中,待复核,2
TX10271,49423,中额度,2,连续逾期,高,待复核,3
TX10281,3473,高额度,0,正常,低,免复核,0
TX10291,50224,中额度,0,超额度用信,中,待复核,2
TX10301,130500,高额度,0,正常,低,免复核,0
TX10311,8107,中额度,0,正常,低,免复核,0
TX10321,42659,中额度,0,正常,低,免复核,1
TX10331,32226,中额度,3,确认违约,高,待复核,3
TX10341,0,中额度,1,首次逾期,中,待复核,1
TX10351,17068,低额度,0,确认违约,高,待复核,2
TX10361,85806,中额度,1,确认违约,高,待复核,4
TX10371,4644,高额度,0,正常,低,免复核,0
TX10381,0,高额度,1,确认违约,高,待复核,2
TX10391,91140,高额度,6,确认违约,高,待复核,3
TX10401,205310,高额度,1,连续逾期,高,待复核,3
TX10411,20091,中额度,4,确认违约,高,待复核,3
TX10421,33109,中额度,0,正常,低,免复核,0
TX10431,28138,低额度,0,正常,低,免复核,1
TX10441,3048,高额度,0,正常,低,免复核,0
TX10451,17587,高额度,0,正常,低,免复核,0
TX10461,40749,高额度,3,连续逾期,高,待复核,2
TX10471,0,中额度,0,正常,低,免复核,0
TX10481,326,中额度,0,确认违约,高,待复核,1
TX10491,50786,中额度,1,连续逾期,高,待复核,4
TX10501,66982,中额度,0,正常,低,免复核,1
TX10511,98899,中额度,1,确认违约,高,待复核,4
TX10521,24091,中额度,2,连续逾期,高,待复核,2
TX10531,787,高额度,0,正常,低,免复核,0
TX10541,32263,高额度,0,正常,低,免复核,0
TX10551,23063,高额度,0,正常,低,免复核,0
TX10561,19149,低额度,0,正常,低,免复核,1
TX10571,10210,高额度,0,正常,低,免复核,0
TX10581,3700,高额度,0,正常,低,免复核,0
TX10591,2940,中额度,0,正常,低,免复核,0
TX10601,0,高额度,3,确认违约,高,待复核,3
TX10611,20907,中额度,1,连续逾期,高,待复核,2
TX10621,9410,低额度,0,正常,低,免复核,0
TX10631,780,高额度,2,连续逾期,高,待复核,2
TX10641,0,高额度,1,首次逾期,中,待复核,1
TX10651,2858,高额度,0,正常,低,免复核,0
TX10661,32375,高额度,0,正常,低,免复核,0
TX10671,28921,高额度,0,确认违约,高,待复核,1
TX10681,546,高额度,0,正常,低,免复核,0
TX10691,240394,高额度,2,连续逾期,高,待复核,3
TX10701,3467,高额度,0,正常,低,免复核,0
TX10711,166,高额度,3,确认违约,高,待复核,3
TX10721,160537,高额度,0,正常,低,免复核,0
TX10731,112820,中额度,0,超额度用信,中,待复核,2
TX10741,3,高额度,1,确认违约,高,待复核,2
TX10751,16619,低额度,0,确认违约,高,待复核,2
TX10761,520,中额度,0,正常,低,免复核,0
TX10771,31285,中额度,2,连续逾期,高,待复核,2
TX10781,604019,高额度,0,超额度用信,中,待复核,2
TX10791,6059,中额度,0,正常,低,免复核,0
TX10801,9439,中额度,0,正常,低,免复核,0
TX10811,86950,高额度,0,正常,低,免复核,0
TX10821,65920,中额度,0,正常,低,免复核,1
TX10831,8631,低额度,1,确认违约,高,待复核,4
TX10841,6093,高额度,0,正常,低,免复核,0
TX10851,141571,高额度,0,确认违约,高,待复核,1
TX10861,0,中额度,1,首次逾期,中,待复核,1
TX10871,58024,中额度,6,确认违约,高,待复核,3
TX10881,50643,中额度,0,超额度用信,中,待复核,2
TX10891,42867,中额度,2,确认违约,高,待复核,3
TX10901,0,高额度,1,首次逾期,中,待复核,1
TX10911,207592,高额度,0,确认违约,高,待复核,2
TX10921,0,高额度,0,确认违约,高,待复核,1
TX10931,34702,高额度,0,正常,低,免复核,0
TX10941,3291,高额度,0,正常,低,免复核,0
TX10951,292,高额度,0,正常,低,免复核,0
TX10961,569023,高额度,0,正常,低,免复核,1
TX10971,54770,中额度,0,确认违约,高,待复核,2
TX10981,0,高额度,1,首次逾期,中,待复核,1
TX10991,89635,高额度,0,正常,低,免复核,0
TX11001,1300,中额度,0,正常,低,免复核,0
TX11011,1414,高额度,0,确认违约,高,待复核,1
TX11021,98700,高额度,0,正常,低,免复核,0
TX11031,17196,低额度,2,确认违约,高,待复核,4
TX11041,29864,高额度,6,确认违约,高,待复核,3
TX11051,7,高额度,0,正常,低,免复核,0
TX11061,0,高额度,1,确认违约,高,待复核,2
TX11071,119513,中额度,0,正常,低,免复核,1
TX11081,509,高额度,0,确认违约,高,待复核,1
TX11091,329096,高额度,0,正常,低,免复核,1
TX11101,105927,中额度,0,正常,低,免复核,1
TX11111,780,低额度,0,正常,低,免复核,0
TX11121,390,低额度,0,正常,低,免复核,0
TX11131,43791,中额度,4,连续逾期,高,待复核,3
TX11141,30712,高额度,0,正常,低,免复核,0
TX11151,1389,高额度,0,正常,低,免复核,0
TX11161,45256,中额度,0,正常,低,免复核,1
TX11171,1176,中额度,2,确认违约,高,待复核,3
TX11181,140329,高额度,1,连续逾期,高,待复核,2
TX11191,9110,中额度,1,连续逾期,高,待复核,2
TX11201,105836,高额度,0,正常,低,免复核,0
TX11211,0,高额度,1,首次逾期,中,待复核,1
TX11221,50456,中额度,0,超额度用信,中,待复核,2
TX11231,0,高额度,1,确认违约,高,待复核,2
TX11241,28290,低额度,3,连续逾期,高,待复核,3
TX11251,147476,高额度,0,确认违约,高,待复核,2
TX11261,6268,低额度,2,连续逾期,高,待复核,2
TX11271,0,低额度,1,确认违约,高,待复核,2
TX11281,5188,中额度,0,正常,低,免复核,0
TX11291,42627,中额度,0,正常,低,免复核,1
TX11301,50612,中额度,0,超额度用信,中,待复核,2
TX11311,10410,低额度,0,正常,低,免复核,0
TX11321,46915,中额度,0,正常,低,免复核,0
TX11331,285038,高额度,0,正常,低,免复核,1
TX11341,4767,高额度,0,确认违约,高,待复核,1
TX11351,18920,低额度,0,正常,低,免复核,1
TX11361,19698,低额度,0,正常,低,免复核,1
TX11371,51396,中额度,0,超额度用信,中,待复核,2
TX11381,80740,中额度,0,正常,低,免复核,0
TX11391,9561,高额度,0,正常,低,免复核,0
TX11401,127902,高额度,0,正常,低,免复核,0
TX11411,4900,中额度,0,正常,低,免复核,0
TX11421,198,高额度,0,确认违约,高,待复核,1
TX11431,381,中额度,0,正常,低,免复核,0
TX11441,232044,高额度,3,确认违约,高,待复核,5
TX11451,75234,中额度,2,连续逾期,高,待复核,3
TX11461,780,中额度,0,正常,低,免复核,0
TX11471,5378,低额度,0,正常,低,免复核,0
TX11481,3303,高额度,0,正常,低,免复核,0
TX11491,71455,高额度,0,正常,低,免复核,0
TX11501,1391,高额度,0,正常,低,免复核,0
TX11511,1650,低额度,6,连续逾期,高,待复核,2
TX11521,79899,高额度,0,正常,低,免复核,0
TX11531,65220,高额度,1,连续逾期,高,待复核,2
TX11541,48850,中额度,0,正常,低,免复核,0
TX11551,0,高额度,1,首次逾期,中,待复核,1
TX11561,644,高额度,1,首次逾期,中,待复核,1
TX11571,48492,高额度,0,确认违约,高,待复核,1
TX11581,23094,高额度,0,正常,低,免复核,0
TX11591,125623,中额度,2,连续逾期,高,待复核,3
TX11601,9240,高额度,0,正常,低,免复核,0
TX11611,30455,低额度,0,超额度用信,中,待复核,2
TX11621,141740,中额度,0,超额度用信,中,待复核,2
TX11631,4151,高额度,0,正常,低,免复核,0
TX11641,55647,中额度,0,正常,低,免复核,0
TX11651,0,高额度,0,确认违约,高,待复核,1
TX11661,13683,中额度,4,确认违约,高,待复核,3
TX11671,18490,低额度,0,正常,低,免复核,1
TX11681,231550,中额度,0,超额度用信,中,待复核,2
TX11691,0,高额度,0,正常,低,免复核,0
TX11701,120568,中额度,0,超额度用信,中,待复核,2
TX11711,15438,中额度,2,连续逾期,高,待复核,2
TX11721,190672,高额度,3,连续逾期,高,待复核,3
TX11731,23905,高额度,0,正常,低,免复核,0
TX11741,18400,低额度,0,确认违约,高,待复核,2
TX11751,59321,中额度,0,超额度用信,中,待复核,2
TX11761,488,中额度,1,首次逾期,中,待复核,1
TX11771,5310,高额度,0,正常,低,免复核,0
TX11781,48006,中额度,0,正常,低,免复核,0
TX11791,48403,中额度,0,正常,低,免复核,1
TX11801,18556,低额度,0,正常,低,免复核,1
TX11811,23134,低额度,0,正常,低,免复核,0
TX11821,2600,高额度,1,连续逾期,高,待复核,2
TX11831,10560,中额度,3,确认违约,高,待复核,3
TX11841,123767,高额度,0,正常,低,免复核,1
TX11851,390,中额度,0,确认违约,高,待复核,1
TX11861,11599,高额度,0,正常,低,免复核,0
TX11871,0,高额度,1,确认违约,高,待复核,2
TX11881,21326,高额度,1,连续逾期,高,待复核,2
TX11891,136,中额度,0,正常,低,免复核,0
TX11901,0,高额度,1,首次逾期,中,待复核,1
TX11911,1553,中额度,0,正常,低,免复核,0
TX11921,0,中额度,2,连续逾期,高,待复核,2
TX11931,7691,低额度,0,正常,低,免复核,0
TX11941,59728,高额度,0,正常,低,免复核,0
TX11951,2309,中额度,0,正常,低,免复核,0
TX11961,89341,高额度,0,正常,低,免复核,0
TX11971,778,低额度,0,确认违约,高,待复核,1
TX11981,122344,高额度,1,确认违约,高,待复核,3
TX11991,3856,中额度,2,首次逾期,中,待复核,1
TX12001,1235,中额度,1,连续逾期,高,待复核,2
TX12011,82326,中额度,6,连续逾期,高,待复核,3
TX12021,27141,低额度,0,正常,低,免复核,1
TX12031,50581,中额度,0,确认违约,高,待复核,3
TX12041,123704,高额度,0,正常,低,免复核,0
TX12051,7070,中额度,0,正常,低,免复核,0
TX12061,3278,高额度,0,正常,低,免复核,0
TX12071,142129,中额度,0,确认违约,高,待复核,3
TX12081,4782,中额度,0,正常,低,免复核,0
TX12091,52419,中额度,2,连续逾期,高,待复核,4
TX12101,39606,中额度,6,连续逾期,高,待复核,2
TX12111,35383,高额度,0,正常,低,免复核,0
TX12121,183405,高额度,4,连续逾期,高,待复核,4
TX12131,151222,高额度,0,正常,低,免复核,0
TX12141,0,高额度,0,正常,低,免复核,0
TX12151,283965,高额度,0,正常,低,免复核,0
TX12161,411,低额度,1,连续逾期,高,待复核,2
TX12171,14313,低额度,0,正常,低,免复核,0
TX12181,44808,中额度,0,正常,低,免复核,1
TX12191,2746,高额度,0,正常,低,免复核,0
TX12201,184650,高额度,0,超额度用信,中,待复核,2
TX12211,46401,中额度,0,正常,低,免复核,0
TX12221,147471,高额度,0,正常,低,免复核,1
TX12231,19625,低额度,3,连续逾期,高,待复核,2
TX12241,271305,高额度,1,连续逾期,高,待复核,3
TX12251,93767,高额度,0,正常,低,免复核,0
TX12261,37639,中额度,6,连续逾期,高,待复核,2
TX12271,2716,高额度,0,正常,低,免复核,0
TX12281,9670,中额度,6,连续逾期,高,待复核,2
TX12291,17698,中额度,0,正常,低,免复核,0
TX12301,0,中额度,0,正常,低,免复核,0
TX12311,24215,中额度,0,正常,低,免复核,0
TX12321,130868,高额度,2,连续逾期,高,待复核,2
TX12331,165580,高额度,2,连续逾期,高,待复核,2
TX12341,3292,高额度,0,正常,低,免复核,0
TX12351,19030,低额度,0,正常,低,免复核,1
TX12361,0,高额度,0,正常,低,免复核,0
TX12371,11193,高额度,0,正常,低,免复核,0
TX12381,99050,高额度,0,正常,低,免复核,0
TX12391,79529,高额度,6,连续逾期,高,待复核,2
TX12401,2207,中额度,1,连续逾期,高,待复核,2
TX12411,14432,高额度,0,正常,低,免复核,0
TX12421,4007,高额度,0,正常,低,免复核,0
TX12431,1650,低额度,6,确认违约,高,待复核,3
TX12441,32866,高额度,0,正常,低,免复核,0
TX12451,29782,低额度,2,确认违约,高,待复核,3
TX12461,13572,中额度,0,正常,低,免复核,0
TX12471,7169,中额度,3,连续逾期,高,待复核,2
TX12481,93039,中额度,0,正常,低,免复核,1
TX12491,7900,中额度,0,确认违约,高,待复核,1
TX12501,30175,中额度,6,连续逾期,高,待复核,2
TX12511,43583,中额度,0,正常,低,免复核,1
TX12521,197272,高额度,1,确认违约,高,待复核,4
TX12531,13408,中额度,0,正常,低,免复核,0
TX12541,109383,中额度,0,正常,低,免复核,1
TX12551,1309,高额度,2,确认违约,高,待复核,3
TX12561,1676,高额度,0,正常,低,免复核,0
TX12571,1026,中额度,0,正常,低,免复核,0
TX12581,7786,低额度,1,连续逾期,高,待复核,2
TX12591,1719,中额度,0,正常,低,免复核,0
TX12601,42067,中额度,2,连续逾期,高,待复核,3
TX12611,4945,低额度,0,正常,低,免复核,0
TX12621,743,高额度,0,正常,低,免复核,0
TX12631,64561,中额度,0,正常,低,免复核,1
TX12641,16793,低额度,0,正常,低,免复核,1
TX12651,105587,高额度,0,正常,低,免复核,0
TX12661,0,高额度,1,首次逾期,中,待复核,1
TX12671,151761,高额度,0,超额度用信,中,待复核,2
TX12681,980,高额度,0,正常,低,免复核,0
TX12691,252,高额度,0,正常,低,免复核,0
TX12701,248034,高额度,0,正常,低,免复核,1
TX12711,42856,中额度,0,正常,低,免复核,1
TX12721,14662,低额度,0,正常,低,免复核,0
TX12731,31218,中额度,0,正常,低,免复核,0
TX12741,972,高额度,0,正常,低,免复核,0
TX12751,14034,低额度,3,确认违约,高,待复核,3
TX12761,44572,中额度,4,连续逾期,高,待复核,3
TX12771,105930,中额度,0,正常,低,免复核,0
TX12781,49808,中额度,4,确认违约,高,待复核,4
TX12791,1110,高额度,0,正常,低,免复核,0
TX12801,6470,低额度,1,确认违约,高,待复核,3
TX12811,27796,中额度,6,确认违约,高,待复核,3
TX12821,792,高额度,0,正常,低,免复核,0
TX12831,7633,高额度,0,正常,低,免复核,0
TX12841,60099,中额度,1,确认违约,高,待复核,5
TX12851,4449,高额度,0,正常,低,免复核,0
TX12861,48305,中额度,0,正常,低,免复核,1
TX12871,165,高额度,0,确认违约,高,待复核,1
TX12881,26868,中额度,0,正常,低,免复核,0
TX12891,134797,高额度,0,正常,低,免复核,0
TX12901,0,高额度,1,确认违约,高,待复核,2
TX12911,80551,中额度,0,正常,低,免复核,1
TX12921,27370,高额度,0,正常,低,免复核,0
TX12931,29595,中额度,4,确认违约,高,待复核,3
TX12941,57561,中额度,0,正常,低,免复核,1
TX12951,4166,中额度,0,正常,低,免复核,0
TX12961,20324,低额度,0,超额度用信,中,待复核,2
TX12971,286706,高额度,0,超额度用信,中,待复核,2
TX12981,1709,高额度,0,正常,低,免复核,0
TX12991,57285,中额度,4,确认违约,高,待复核,4
TX13001,83760,中额度,2,确认违约,高,待复核,4
TX13011,1396,中额度,2,连续逾期,高,待复核,2
TX13021,17740,低额度,6,确认违约,高,待复核,4
TX13031,97544,中额度,0,正常,低,免复核,0
TX13041,11271,低额度,2,连续逾期,高,待复核,2
TX13051,18908,低额度,1,确认违约,高,待复核,4
TX13061,8000,高额度,0,正常,低,免复核,0
TX13071,0,高额度,1,首次逾期,中,待复核,1
TX13081,18205,高额度,0,正常,低,免复核,0
TX13091,78388,高额度,0,正常,低,免复核,0
TX13101,5601,中额度,6,连续逾期,高,待复核,2
TX13111,1412,高额度,0,确认违约,高,待复核,1
TX13121,44302,中额度,0,正常,低,免复核,0
TX13131,2741,中额度,0,正常,低,免复核,0
TX13141,326,高额度,0,正常,低,免复核,0
TX13151,321281,高额度,0,超额度用信,中,待复核,2
TX13161,26708,中额度,0,正常,低,免复核,0
TX13171,44620,中额度,0,正常,低,免复核,1
TX13181,85438,中额度,0,正常,低,免复核,1
TX13191,21510,中额度,0,正常,低,免复核,0
TX13201,0,高额度,1,首次逾期,中,待复核,1
TX13211,5961,中额度,0,正常,低,免复核,0
TX13221,19955,低额度,0,正常,低,免复核,0
TX13231,42105,中额度,0,确认违约,高,待复核,1
TX13241,7887,高额度,0,正常,低,免复核,0
TX13251,2569,高额度,1,连续逾期,高,待复核,2
TX13261,6346,低额度,0,正常,低,免复核,0
TX13271,43068,高额度,0,正常,低,免复核,0
TX13281,0,低额度,1,连续逾期,高,待复核,2
TX13291,7478,低额度,3,连续逾期,高,待复核,2
TX13301,51345,中额度,6,确认违约,高,待复核,3
TX13311,127939,中额度,0,正常,低,免复核,1
TX13321,44076,中额度,0,正常,低,免复核,1
TX13331,16294,低额度,1,确认违约,高,待复核,4
TX13341,301553,高额度,5,确认违约,高,待复核,4
TX13351,6514,高额度,0,正常,低,免复核,0
TX13361,78672,中额度,1,连续逾期,高,待复核,3
TX13371,0,高额度,0,确认违约,高,待复核,1
TX13381,109943,高额度,0,确认违约,高,待复核,1
TX13391,36090,中额度,3,确认违约,高,待复核,3
TX13401,46364,中额度,6,确认违约,高,待复核,4
TX13411,93411,中额度,0,正常,低,免复核,1
TX13421,185882,高额度,0,正常,低,免复核,0
TX13431,23203,中额度,2,确认违约,高,待复核,3
TX13441,33699,低额度,6,确认违约,高,待复核,4
TX13451,14186,低额度,4,连续逾期,高,待复核,2
TX13461,0,高额度,1,首次逾期,中,待复核,1
TX13471,0,高额度,0,确认违约,高,待复核,1
TX13481,78549,高额度,0,正常,低,免复核,0
TX13491,44832,高额度,0,正常,低,免复核,0
TX13501,44570,中额度,6,确认违约,高,待复核,3
TX13511,419352,高额度,1,确认违约,高,待复核,4
TX13521,10339,中额度,0,正常,低,免复核,0
TX13531,390,中额度,0,正常,低,免复核,0
TX13541,10000,中额度,0,正常,低,免复核,0
TX13551,483,低额度,0,正常,低,免复核,0
TX13561,0,高额度,1,确认违约,高,待复核,2
TX13571,13521,低额度,3,确认违约,高,待复核,3
TX13581,34914,低额度,0,超额度用信,中,待复核,2
TX13591,513,高额度,0,正常,低,免复核,0
TX13601,27782,低额度,0,正常,低,免复核,1
TX13611,58308,高额度,0,正常,低,免复核,0
TX13621,28788,中额度,0,正常,低,免复核,0
TX13631,86914,中额度,0,正常,低,免复核,0
TX13641,19393,低额度,2,确认违约,高,待复核,4
TX13651,1,高额度,0,正常,低,免复核,0
TX13661,35997,中额度,0,正常,低,免复核,0
TX13671,430,高额度,0,正常,低,免复核,0
TX13681,28774,中额度,3,连续逾期,高,待复核,2
TX13691,57605,中额度,0,正常,低,免复核,1
TX13701,7797,低额度,0,正常,低,免复核,0
TX13711,23486,高额度,0,正常,低,免复核,0
TX13721,96191,中额度,1,确认违约,高,待复核,4
TX13731,1792,高额度,3,确认违约,高,待复核,3
TX13741,65734,中额度,0,正常,低,免复核,1
TX13751,5491,高额度,0,正常,低,免复核,0
TX13761,7174,高额度,0,正常,低,免复核,0
TX13771,846,高额度,0,正常,低,免复核,0
TX13781,6827,低额度,3,确认违约,高,待复核,3
TX13791,33105,中额度,0,正常,低,免复核,0
TX13801,1000,高额度,2,连续逾期,高,待复核,2
TX13811,11084,低额度,6,连续逾期,高,待复核,2
TX13821,22460,中额度,0,正常,低,免复核,0
TX13831,134664,高额度,0,正常,低,免复核,0
TX13841,0,低额度,1,确认违约,高,待复核,2
TX13851,33765,高额度,0,正常,低,免复核,0
TX13861,35601,高额度,2,连续逾期,高,待复核,2
TX13871,124442,高额度,0,正常,低,免复核,0
TX13881,298809,高额度,0,确认违约,高,待复核,1
TX13891,1478,高额度,0,正常,低,免复核,0
TX13901,18951,低额度,0,正常,低,免复核,0
TX13911,86960,中额度,0,确认违约,高,待复核,2
TX13921,196566,高额度,0,正常,低,免复核,0
TX13931,0,中额度,1,首次逾期,中,待复核,1
TX13941,27347,中额度,0,正常,低,免复核,0
TX13951,6902,高额度,0,正常,低,免复核,0
TX13961,116344,中额度,6,连续逾期,高,待复核,3
TX13971,3,中额度,3,连续逾期,高,待复核,2
TX13981,750,高额度,0,正常,低,免复核,0
TX13991,22970,中额度,0,正常,低,免复核,0
TX14001,632,高额度,1,连续逾期,高,待复核,2
TX14011,0,高额度,1,首次逾期,中,待复核,1
TX14021,3220,高额度,0,确认违约,高,待复核,1
TX14031,45074,中额度,1,确认违约,高,待复核,4
TX14041,18410,高额度,0,正常,低,免复核,0
TX14051,300878,高额度,0,超额度用信,中,待复核,2
TX14061,0,高额度,0,正常,低,免复核,0
TX14071,686,高额度,0,正常,低,免复核,0
TX14081,2706,低额度,2,连续逾期,高,待复核,2
TX14091,42974,高额度,1,连续逾期,高,待复核,2
TX14101,31333,中额度,0,正常,低,免复核,0
TX14111,9383,中额度,2,连续逾期,高,待复核,2
TX14121,86772,高额度,0,正常,低,免复核,0
TX14131,110917,高额度,0,正常,低,免复核,0
TX14141,21260,高额度,2,连续逾期,高,待复核,2
TX14151,48063,中额度,2,确认违约,高,待复核,4
TX14161,980,中额度,0,确认违约,高,待复核,1
TX14171,60764,中额度,0,正常,低,免复核,0
TX14181,0,中额度,1,首次逾期,中,待复核,1
TX14191,19456,中额度,1,连续逾期,高,待复核,2
TX14201,18099,高额度,3,连续逾期,高,待复核,2
TX14211,93025,中额度,0,超额度用信,中,待复核,2
TX14221,44689,中额度,6,确认违约,高,待复核,3
TX14231,70798,中额度,0,确认违约,高,待复核,3
TX14241,10147,高额度,0,正常,低,免复核,0
TX14251,30245,高额度,1,首次逾期,中,待复核,1
TX14261,21507,高额度,0,正常,低,免复核,0
TX14271,326,高额度,0,确认违约,高,待复核,1
TX14281,110674,中额度,6,确认违约,高,待复核,3
TX14291,47974,中额度,0,正常,低,免复核,1
TX14301,450827,高额度,0,正常,低,免复核,0
TX14311,72462,中额度,0,正常,低,免复核,0
TX14321,14413,低额度,1,连续逾期,高,待复核,2
TX14331,11164,高额度,5,确认违约,高,待复核,3
TX14341,20218,低额度,6,连续逾期,高,待复核,2
TX14351,27849,低额度,0,正常,低,免复核,1
TX14361,190691,高额度,1,连续逾期,高,待复核,3
TX14371,123880,高额度,0,正常,低,免复核,0
TX14381,959,高额度,0,正常,低,免复核,0
TX14391,87842,高额度,0,正常,低,免复核,0
TX14401,31236,高额度,0,正常,低,免复核,0
TX14411,5530,低额度,5,确认违约,高,待复核,3
TX14421,1439,低额度,0,正常,低,免复核,0
TX14431,8301,低额度,0,正常,低,免复核,0
TX14441,0,中额度,1,首次逾期,中,待复核,1
TX14451,111731,中额度,1,连续逾期,高,待复核,3
TX14461,0,中额度,1,首次逾期,中,待复核,1
TX14471,2500,高额度,3,确认违约,高,待复核,3
TX14481,49660,中额度,0,确认违约,高,待复核,2
TX14491,0,高额度,1,首次逾期,中,待复核,1
TX14501,198128,高额度,3,确认违约,高,待复核,4
TX14511,7839,中额度,4,连续逾期,高,待复核,2
TX14521,2436,低额度,0,正常,低,免复核,0
TX14531,6289,低额度,0,确认违约,高,待复核,1
TX14541,33536,中额度,0,正常,低,免复核,0
TX14551,4202,中额度,0,正常,低,免复核,0
TX14561,157303,高额度,0,确认违约,高,待复核,2
TX14571,48938,高额度,0,正常,低,免复核,0
TX14581,46206,中额度,0,正常,低,免复核,0
TX14591,17897,低额度,0,正常,低,免复核,0
TX14601,29803,低额度,3,连续逾期,高,待复核,3
TX14611,18838,中额度,0,正常,低,免复核,0
TX14621,1790,高额度,0,正常,低,免复核,0
TX14631,10034,低额度,6,确认违约,高,待复核,5
TX14641,700,高额度,0,正常,低,免复核,0
TX14651,1172,高额度,1,连续逾期,高,待复核,2
TX14661,18193,低额度,0,正常,低,免复核,1
TX14671,27572,高额度,0,正常,低,免复核,0
TX14681,47813,中额度,0,正常,低,免复核,1
TX14691,49045,中额度,0,确认违约,高,待复核,2
TX14701,32283,高额度,0,正常,低,免复核,0
TX14711,6806,高额度,0,正常,低,免复核,0
TX14721,6167,高额度,1,确认违约,高,待复核,3
TX14731,52899,中额度,0,正常,低,免复核,0
TX14741,0,高额度,1,首次逾期,中,待复核,1
TX14751,5600,中额度,0,正常,低,免复核,0
TX14761,20205,低额度,3,确认违约,高,待复核,5
TX14771,766,高额度,0,确认违约,高,待复核,1
TX14781,4523,中额度,0,正常,低,免复核,0
TX14791,5855,低额度,0,正常,低,免复核,0
TX14801,2509,中额度,0,确认违约,高,待复核,1
TX14811,6107,高额度,3,连续逾期,高,待复核,2
TX14821,24367,低额度,3,确认违约,高,待复核,4
TX14831,7684,低额度,1,连续逾期,高,待复核,2
TX14841,6287,高额度,1,连续逾期,高,待复核,2
TX14851,33984,高额度,0,正常,低,免复核,0
TX14861,78489,中额度,5,连续逾期,高,待复核,3
TX14871,10710,高额度,2,连续逾期,高,待复核,2
TX14881,110826,中额度,6,连续逾期,高,待复核,3
TX14891,43994,中额度,0,正常,低,免复核,1
TX14901,180,高额度,2,连续逾期,高,待复核,2
TX14911,115126,高额度,0,正常,低,免复核,0
TX14921,1663,高额度,0,确认违约,高,待复核,1
TX14931,159351,高额度,0,正常,低,免复核,0
TX14941,25330,中额度,0,正常,低,免复核,0
TX14951,2487,高额度,6,确认违约,高,待复核,3
TX14961,71752,高额度,0,正常,低,免复核,0
TX14971,50787,高额度,0,正常,低,免复核,0
TX14981,28224,低额度,6,确认违约,高,待复核,4
TX14991,80166,高额度,2,确认违约,高,待复核,3
TX15001,24763,中额度,0,确认违约,高,待复核,1
TX15011,72322,高额度,1,连续逾期,高,待复核,2
TX15021,9728,中额度,5,连续逾期,高,待复核,2
TX15031,148364,高额度,6,确认违约,高,待复核,4
TX15041,22331,高额度,0,正常,低,免复核,0
TX15051,8027,高额度,0,正常,低,免复核,0
TX15061,19868,低额度,1,确认违约,高,待复核,4
TX15071,5828,低额度,0,正常,低,免复核,0
TX15081,130700,高额度,0,正常,低,免复核,0
TX15091,0,高额度,0,正常,低,免复核,0
TX15101,75222,中额度,1,确认违约,高,待复核,4
TX15111,18206,低额度,4,连续逾期,高,待复核,3
TX15121,269781,高额度,0,正常,低,免复核,1
TX15131,22551,中额度,0,正常,低,免复核,0
TX15141,50805,中额度,2,确认违约,高,待复核,5
TX15151,25451,低额度,0,超额度用信,中,待复核,2
TX15161,73954,中额度,1,确认违约,高,待复核,4
TX15171,17920,高额度,0,正常,低,免复核,0
TX15181,48668,中额度,1,确认违约,高,待复核,4
TX15191,300,低额度,6,连续逾期,高,待复核,2
TX15201,75620,中额度,2,确认违约,高,待复核,4
TX15211,4114,高额度,0,正常,低,免复核,0
TX15221,53,中额度,1,首次逾期,中,待复核,1
TX15231,12530,低额度,1,连续逾期,高,待复核,2
TX15241,0,高额度,1,首次逾期,中,待复核,1
TX15251,31548,低额度,1,连续逾期,高,待复核,4
TX15261,19315,高额度,0,正常,低,免复核,0
TX15271,430,高额度,0,确认违约,高,待复核,1
TX15281,75014,高额度,0,正常,低,免复核,0
TX15291,119398,高额度,0,正常,低,免复核,0
TX15301,213638,高额度,0,超额度用信,中,待复核,2
TX15311,19451,高额度,3,连续逾期,高,待复核,2
TX15321,0,高额度,0,确认违约,高,待复核,1
TX15331,161039,高额度,0,正常,低,免复核,0
TX15341,661,低额度,0,正常,低,免复核,0
TX15351,47676,中额度,6,确认违约,高,待复核,4
TX15361,0,高额度,1,首次逾期,中,待复核,1
TX15371,23586,高额度,0,正常,低,免复核,0
TX15381,60819,高额度,0,正常,低,免复核,0
TX15391,4016,高额度,0,正常,低,免复核,0
TX15401,28788,高额度,3,连续逾期,高,待复核,2
TX15411,28509,中额度,0,正常,低,免复核,0
TX15421,694,中额度,0,正常,低,免复核,0
TX15431,47734,中额度,0,正常,低,免复核,1
TX15441,117324,中额度,0,正常,低,免复核,1
TX15451,0,中额度,1,首次逾期,中,待复核,1
TX15461,85769,中额度,0,正常,低,免复核,1
TX15471,194001,高额度,0,正常,低,免复核,0
TX15481,94257,中额度,2,确认违约,高,待复核,4
TX15491,4596,低额度,1,确认违约,高,待复核,3
TX15501,47237,中额度,3,确认违约,高,待复核,4
TX15511,25003,高额度,0,正常,低,免复核,0
TX15521,45469,高额度,0,正常,低,免复核,0
TX15531,137825,高额度,0,正常,低,免复核,0
TX15541,57963,高额度,0,正常,低,免复核,0
TX15551,18458,低额度,3,连续逾期,高,待复核,3
TX15561,133272,高额度,0,正常,低,免复核,0
TX15571,62177,中额度,6,连续逾期,高,待复核,2
TX15581,29860,高额度,4,确认违约,高,待复核,3
TX15591,110950,中额度,0,超额度用信,中,待复核,2
TX15601,1443,高额度,0,正常,低,免复核,0
TX15611,9791,低额度,0,正常,低,免复核,1
TX15621,22523,高额度,0,正常,低,免复核,0
TX15631,62244,中额度,0,正常,低,免复核,0
TX15641,15442,高额度,0,正常,低,免复核,0
TX15651,5788,中额度,0,正常,低,免复核,0
TX15661,1,高额度,1,首次逾期,中,待复核,1
TX15671,1288,中额度,0,正常,低,免复核,0
TX15681,13596,高额度,0,正常,低,免复核,0
TX15691,15110,低额度,1,连续逾期,高,待复核,2
TX15701,187698,高额度,2,确认违约,高,待复核,3
TX15711,0,高额度,1,首次逾期,中,待复核,1
TX15721,5811,高额度,0,正常,低,免复核,0
TX15731,316,高额度,0,正常,低,免复核,0
TX15741,137582,中额度,4,连续逾期,高,待复核,3
TX15751,60374,中额度,1,连续逾期,高,待复核,2
TX15761,6655,低额度,4,确认违约,高,待复核,3
TX15771,26581,低额度,0,确认违约,高,待复核,2
TX15781,116186,中额度,0,正常,低,免复核,1
TX15791,36808,中额度,0,正常,低,免复核,0
TX15801,34443,中额度,2,连续逾期,高,待复核,2
TX15811,6100,低额度,2,确认违约,高,待复核,3
TX15821,23575,低额度,1,连续逾期,高,待复核,2
TX15831,57449,中额度,0,正常,低,免复核,0
TX15841,5146,高额度,0,正常,低,免复核,0
TX15851,51943,中额度,6,确认违约,高,待复核,5
TX15861,8805,高额度,0,正常,低,免复核,0
TX15871,264971,高额度,0,正常,低,免复核,0
TX15881,110994,中额度,0,正常,低,免复核,1
TX15891,29188,低额度,2,确认违约,高,待复核,4
TX15901,17191,低额度,0,正常,低,免复核,1
TX15911,17486,高额度,0,正常,低,免复核,0
TX15921,74235,高额度,0,正常,低,免复核,0
TX15931,13158,高额度,0,正常,低,免复核,0
TX15941,860,高额度,0,正常,低,免复核,0
TX15951,50701,中额度,3,确认违约,高,待复核,5
TX15961,217329,高额度,0,正常,低,免复核,0
TX15971,6061,低额度,0,确认违约,高,待复核,1
TX15981,28361,低额度,4,连续逾期,高,待复核,3
TX15991,98546,中额度,2,连续逾期,高,待复核,3
TX16001,2400,低额度,6,确认违约,高,待复核,3
TX16011,29987,中额度,0,正常,低,免复核,0
TX16021,10,高额度,1,首次逾期,中,待复核,1
TX16031,323085,高额度,0,正常,低,免复核,0
TX16041,51012,中额度,0,超额度用信,中,待复核,2
TX16051,16611,高额度,0,正常,低,免复核,0
TX16061,25347,中额度,4,连续逾期,高,待复核,2
TX16071,33441,中额度,0,正常,低,免复核,0
TX16081,67722,高额度,0,正常,低,免复核,0
TX16091,776,高额度,1,连续逾期,高,待复核,2
TX16101,34811,中额度,0,确认违约,高,待复核,1
TX16111,103876,高额度,0,确认违约,高,待复核,1
TX16121,41598,中额度,0,正常,低,免复核,1
TX16131,10723,中额度,0,正常,低,免复核,0
TX16141,2415,中额度,4,连续逾期,高,待复核,2
TX16151,26465,高额度,3,连续逾期,高,待复核,2
TX16161,121558,高额度,0,正常,低,免复核,0
TX16171,932,中额度,0,正常,低,免复核,0
TX16181,72551,高额度,0,正常,低,免复核,0
TX16191,7081,低额度,2,确认违约,高,待复核,3
TX16201,0,高额度,1,首次逾期,中,待复核,1
TX16211,10640,低额度,0,正常,低,免复核,0
TX16221,3613,高额度,0,正常,低,免复核,0
TX16231,49450,中额度,0,正常,低,免复核,1
TX16241,29504,高额度,0,正常,低,免复核,0
TX16251,46108,中额度,2,连续逾期,高,待复核,3
TX16261,35771,低额度,4,连续逾期,高,待复核,3
TX16271,16056,高额度,0,正常,低,免复核,0
TX16281,33647,高额度,0,正常,低,免复核,0
TX16291,189697,高额度,2,确认违约,高,待复核,4
TX16301,183339,高额度,0,正常,低,免复核,0
TX16311,175000,高额度,0,正常,低,免复核,1
TX16321,31297,中额度,0,正常,低,免复核,0
TX16331,23155,低额度,6,确认违约,高,待复核,3
TX16341,4202,高额度,0,正常,低,免复核,0
TX16351,43979,中额度,2,连续逾期,高,待复核,3
TX16361,0,高额度,0,正常,低,免复核,0
TX16371,14510,高额度,0,正常,低,免复核,0
TX16381,33035,中额度,3,确认违约,高,待复核,3
TX16391,56038,中额度,0,确认违约,高,待复核,2
TX16401,10422,低额度,6,确认违约,高,待复核,5
TX16411,20755,高额度,1,连续逾期,高,待复核,2
TX16421,20488,高额度,0,正常,低,免复核,0
TX16431,136293,高额度,0,正常,低,免复核,0
TX16441,1473,低额度,1,确认违约,高,待复核,3
TX16451,30567,低额度,0,超额度用信,中,待复核,2
TX16461,94247,中额度,0,正常,低,免复核,1
TX16471,7217,高额度,0,正常,低,免复核,0
TX16481,12466,低额度,2,确认违约,高,待复核,3
TX16491,19321,低额度,3,确认违约,高,待复核,3
TX16501,15524,中额度,0,确认违约,高,待复核,1
TX16511,37412,低额度,0,正常,低,免复核,1
TX16521,14962,低额度,4,连续逾期,高,待复核,2
TX16531,39487,中额度,0,正常,低,免复核,0
TX16541,22284,低额度,4,连续逾期,高,待复核,2
TX16551,38074,高额度,0,正常,低,免复核,0
TX16561,19728,中额度,0,正常,低,免复核,0
TX16571,4584,低额度,0,确认违约,高,待复核,1
TX16581,783,高额度,0,正常,低,免复核,0
TX16591,12088,中额度,3,连续逾期,高,待复核,2
TX16601,2918,低额度,4,连续逾期,高,待复核,2
TX16611,2024,高额度,2,连续逾期,高,待复核,2
TX16621,51998,中额度,2,连续逾期,高,待复核,4
TX16631,11147,中额度,1,连续逾期,高,待复核,2
TX16641,13516,低额度,4,确认违约,高,待复核,3
TX16651,996,高额度,0,正常,低,免复核,0
TX16661,2739,高额度,0,正常,低,免复核,0
TX16671,16203,低额度,0,正常,低,免复核,1
TX16681,55800,中额度,0,正常,低,免复核,1
TX16691,88655,高额度,2,确认违约,高,待复核,3
TX16701,12190,中额度,3,确认违约,高,待复核,3
TX16711,17301,低额度,3,连续逾期,高,待复核,2
TX16721,47464,中额度,0,确认违约,高,待复核,1
TX16731,177027,高额度,0,正常,低,免复核,1
TX16741,10142,低额度,2,确认违约,高,待复核,3
TX16751,1653,高额度,0,正常,低,免复核,0
TX16761,52708,中额度,0,正常,低,免复核,0
TX16771,38291,低额度,3,确认违约,高,待复核,4
TX16781,1535,高额度,0,确认违约,高,待复核,1
TX16791,14310,高额度,0,正常,低,免复核,0
TX16801,1344,高额度,0,正常,低,免复核,0
TX16811,138329,中额度,0,正常,低,免复核,1
TX16821,20101,低额度,1,连续逾期,高,待复核,4
TX16831,43719,中额度,0,正常,低,免复核,1
TX16841,114997,高额度,0,正常,低,免复核,0
TX16851,11770,高额度,0,正常,低,免复核,0
TX16861,121544,高额度,0,正常,低,免复核,1
TX16871,112875,中额度,2,连续逾期,高,待复核,4
TX16881,26094,中额度,5,连续逾期,高,待复核,2
TX16891,11669,高额度,0,正常,低,免复核,0
TX16901,38811,中额度,2,连续逾期,高,待复核,2
TX16911,142509,高额度,0,正常,低,免复核,1
TX16921,390,高额度,0,正常,低,免复核,0
TX16931,48353,中额度,0,正常,低,免复核,1
TX16941,134327,高额度,1,确认违约,高,待复核,3
TX16951,10171,低额度,2,连续逾期,高,待复核,4
TX16961,42807,中额度,6,确认违约,高,待复核,4
TX16971,29391,低额度,4,确认违约,高,待复核,4
TX16981,66347,高额度,0,正常,低,免复核,0
TX16991,37253,中额度,3,连续逾期,高,待复核,2
TX17001,24775,中额度,0,正常,低,免复核,0
TX17011,16027,低额度,0,正常,低,免复核,1
TX17021,61434,中额度,2,确认违约,高,待复核,5
TX17031,42611,中额度,4,连续逾期,高,待复核,3
TX17041,1150,低额度,1,连续逾期,高,待复核,2
TX17051,31331,低额度,3,确认违约,高,待复核,5
TX17061,19667,低额度,0,确认违约,高,待复核,2
TX17071,124353,高额度,3,连续逾期,高,待复核,2
TX17081,9030,高额度,0,正常,低,免复核,0
TX17091,111587,中额度,0,正常,低,免复核,1
TX17101,150,中额度,5,确认违约,高,待复核,3
TX17111,15248,低额度,0,正常,低,免复核,0
TX17121,0,高额度,1,首次逾期,中,待复核,1
TX17131,33243,中额度,0,正常,低,免复核,0
TX17141,33586,中额度,6,确认违约,高,待复核,3
TX17151,9598,中额度,0,正常,低,免复核,0
TX17161,73521,高额度,0,正常,低,免复核,0
TX17171,6631,中额度,1,连续逾期,高,待复核,2
TX17181,145096,高额度,3,确认违约,高,待复核,4
TX17191,54313,中额度,5,连续逾期,高,待复核,2
TX17201,5953,中额度,0,正常,低,免复核,0
TX17211,8926,高额度,0,正常,低,免复核,0
TX17221,16366,低额度,0,正常,低,免复核,1
TX17231,94732,中额度,6,确认违约,高,待复核,4
TX17241,76023,中额度,2,连续逾期,高,待复核,4
TX17251,100253,中额度,0,超额度用信,中,待复核,2
TX17261,127544,中额度,0,正常,低,免复核,1
TX17271,62988,高额度,0,正常,低,免复核,0
TX17281,19113,低额度,0,正常,低,免复核,1
TX17291,205530,高额度,0,正常,低,免复核,1
TX17301,107441,中额度,0,正常,低,免复核,1
TX17311,73326,高额度,0,正常,低,免复核,0
TX17321,22501,低额度,1,连续逾期,高,待复核,2
TX17331,1232,低额度,0,正常,低,免复核,0
TX17341,0,高额度,0,正常,低,免复核,0
TX17351,38222,中额度,0,正常,低,免复核,0
TX17361,93658,高额度,3,确认违约,高,待复核,3
TX17371,156000,高额度,0,正常,低,免复核,1
TX17381,447263,高额度,0,正常,低,免复核,0
TX17391,0,高额度,1,首次逾期,中,待复核,1
TX17401,950,高额度,0,正常,低,免复核,0
TX17411,11896,低额度,0,正常,低,免复核,0
TX17421,30783,高额度,4,连续逾期,高,待复核,2
TX17431,0,高额度,1,首次逾期,中,待复核,1
TX17441,17168,低额度,0,确认违约,高,待复核,1
TX17451,88231,中额度,0,确认违约,高,待复核,2
TX17461,390,中额度,2,确认违约,高,待复核,3
TX17471,0,高额度,0,正常,低,免复核,0
TX17481,19518,高额度,0,正常,低,免复核,0
TX17491,49005,中额度,0,正常,低,免复核,1
TX17501,836,低额度,1,连续逾期,高,待复核,2
TX17511,0,中额度,1,确认违约,高,待复核,2
TX17521,119184,中额度,0,正常,低,免复核,1
TX17531,1261,高额度,0,正常,低,免复核,0
TX17541,32196,中额度,5,确认违约,高,待复核,3
TX17551,185696,高额度,3,确认违约,高,待复核,4
TX17561,3351,中额度,0,确认违约,高,待复核,1
TX17571,96225,高额度,0,正常,低,免复核,0
TX17581,101483,中额度,1,确认违约,高,待复核,5
TX17591,386288,高额度,0,正常,低,免复核,1
TX17601,51160,中额度,2,连续逾期,高,待复核,2
TX17611,360,高额度,0,正常,低,免复核,0
TX17621,410,高额度,0,正常,低,免复核,0
TX17631,13768,高额度,0,正常,低,免复核,0
TX17641,0,高额度,0,确认违约,高,待复核,1
TX17651,390,中额度,0,确认违约,高,待复核,1
TX17661,255527,高额度,0,正常,低,免复核,1
TX17671,63370,高额度,0,正常,低,免复核,0
TX17681,59795,中额度,0,正常,低,免复核,1
TX17691,174857,高额度,0,正常,低,免复核,0
TX17701,12769,高额度,0,正常,低,免复核,0
TX17711,191869,高额度,1,连续逾期,高,待复核,4
TX17721,0,高额度,1,首次逾期,中,待复核,1
TX17731,0,高额度,1,首次逾期,中,待复核,1
TX17741,1960,高额度,2,连续逾期,高,待复核,2
TX17751,7302,高额度,0,正常,低,免复核,0
TX17761,36088,中额度,0,正常,低,免复核,0
TX17771,51320,中额度,0,超额度用信,中,待复核,2
TX17781,2178,中额度,2,连续逾期,高,待复核,2
TX17791,58,低额度,1,首次逾期,中,待复核,1
TX17801,77225,中额度,0,正常,低,免复核,1
TX17811,25932,中额度,6,连续逾期,高,待复核,2
TX17821,49199,中额度,0,正常,低,免复核,0
TX17831,64900,高额度,0,正常,低,免复核,0
TX17841,5583,低额度,0,确认违约,高,待复核,1
TX17851,70124,中额度,0,正常,低,免复核,0
TX17861,76915,中额度,1,连续逾期,高,待复核,3
TX17871,1474,低额度,0,正常,低,免复核,0
TX17881,390,高额度,0,正常,低,免复核,0
TX17891,56061,高额度,0,正常,低,免复核,0
TX17901,52753,中额度,3,连续逾期,高,待复核,4
TX17911,58566,中额度,2,确认违约,高,待复核,3
TX17921,43785,中额度,0,确认违约,高,待复核,2
TX17931,12214,低额度,1,连续逾期,高,待复核,2
TX17941,43314,中额度,6,确认违约,高,待复核,3
TX17951,94529,高额度,6,确认违约,高,待复核,3
TX17961,32773,中额度,1,连续逾期,高,待复核,2
TX17971,61673,中额度,0,正常,低,免复核,0
TX17981,59675,高额度,0,正常,低,免复核,0
TX17991,94962,中额度,0,超额度用信,中,待复核,2
TX18001,99793,高额度,3,确认违约,高,待复核,3
TX18011,19523,低额度,2,确认违约,高,待复核,3
TX18021,46608,中额度,1,连续逾期,高,待复核,2
TX18031,53105,中额度,0,正常,低,免复核,0
TX18041,2840,中额度,0,正常,低,免复核,0
TX18051,47379,高额度,0,正常,低,免复核,0
TX18061,225709,高额度,0,正常,低,免复核,1
TX18071,1261,低额度,0,正常,低,免复核,0
TX18081,54397,高额度,0,正常,低,免复核,0
TX18091,1431,高额度,0,正常,低,免复核,0
TX18101,2500,高额度,2,确认违约,高,待复核,3
TX18111,65070,中额度,4,确认违约,高,待复核,3
TX18121,83852,高额度,0,正常,低,免复核,0
TX18131,87678,中额度,1,连续逾期,高,待复核,3
TX18141,171182,高额度,1,连续逾期,高,待复核,2
TX18151,1431,高额度,0,正常,低,免复核,0
TX18161,25317,中额度,0,正常,低,免复核,0
TX18171,0,高额度,0,正常,低,免复核,0
TX18181,40,高额度,0,正常,低,免复核,0
TX18191,16736,低额度,1,连续逾期,高,待复核,3
TX18201,449336,高额度,0,正常,低,免复核,1
TX18211,0,高额度,0,正常,低,免复核,0
TX18221,4674,低额度,3,连续逾期,高,待复核,2
TX18231,110350,高额度,0,正常,低,免复核,0
TX18241,7282,低额度,1,连续逾期,高,待复核,2
TX18251,30119,低额度,2,确认违约,高,待复核,5
TX18261,3027,高额度,0,正常,低,免复核,0
TX18271,51867,中额度,1,连续逾期,高,待复核,4
TX18281,7111,高额度,2,连续逾期,高,待复核,2
TX18291,23176,低额度,1,连续逾期,高,待复核,2
TX18301,15979,低额度,0,正常,低,免复核,0
TX18311,3961,高额度,0,正常,低,免复核,0
TX18321,45397,中额度,0,正常,低,免复核,1
TX18331,116314,中额度,0,正常,低,免复核,1
TX18341,7641,低额度,0,正常,低,免复核,0
TX18351,10294,低额度,1,确认违约,高,待复核,3
TX18361,9491,中额度,2,连续逾期,高,待复核,2
TX18371,15003,低额度,4,确认违约,高,待复核,3
TX18381,34970,中额度,1,连续逾期,高,待复核,2
TX18391,0,中额度,1,确认违约,高,待复核,2
TX18401,29357,中额度,0,正常,低,免复核,0
TX18411,390,中额度,0,正常,低,免复核,0
TX18421,19012,低额度,1,确认违约,高,待复核,3
TX18431,54519,中额度,0,超额度用信,中,待复核,2
TX18441,8936,低额度,0,正常,低,免复核,0
TX18451,3144,中额度,4,连续逾期,高,待复核,2
TX18461,50933,中额度,0,超额度用信,中,待复核,2
TX18471,64822,中额度,0,正常,低,免复核,1
TX18481,118053,高额度,0,正常,低,免复核,0
TX18491,6223,低额度,0,确认违约,高,待复核,1
TX18501,80975,中额度,0,正常,低,免复核,0
TX18511,40544,中额度,0,正常,低,免复核,1
TX18521,44727,中额度,0,正常,低,免复核,0
TX18531,1534,高额度,0,正常,低,免复核,0
TX18541,29832,中额度,0,正常,低,免复核,0
TX18551,2901,高额度,0,确认违约,高,待复核,1
TX18561,2892,高额度,0,正常,低,免复核,0
TX18571,12389,高额度,0,正常,低,免复核,0
TX18581,29492,低额度,4,连续逾期,高,待复核,3
TX18591,14925,高额度,0,正常,低,免复核,0
TX18601,725,中额度,0,正常,低,免复核,0
TX18611,2555,中额度,0,确认违约,高,待复核,1
TX18621,1000,低额度,0,正常,低,免复核,0
TX18631,4301,中额度,0,正常,低,免复核,0
TX18641,189748,高额度,0,正常,低,免复核,0
TX18651,1451,中额度,0,正常,低,免复核,0
TX18661,78823,高额度,1,连续逾期,高,待复核,2
TX18671,15499,低额度,0,确认违约,高,待复核,1
TX18681,36968,中额度,0,正常,低,免复核,0
TX18691,0,高额度,1,首次逾期,中,待复核,1
TX18701,37017,中额度,3,确认违约,高,待复核,3
TX18711,148234,中额度,1,连续逾期,高,待复核,4
TX18721,60032,中额度,3,连续逾期,高,待复核,2
TX18731,37586,中额度,0,确认违约,高,待复核,1
TX18741,2335,高额度,0,正常,低,免复核,0
TX18751,11566,高额度,0,正常,低,免复核,0
TX18761,38783,高额度,1,连续逾期,高,待复核,2
TX18771,6064,中额度,1,确认违约,高,待复核,3
TX18781,1158,高额度,0,正常,低,免复核,0
TX18791,25344,低额度,0,正常,低,免复核,1
TX18801,2089,低额度,0,正常,低,免复核,0
TX18811,6851,中额度,1,连续逾期,高,待复核,2
TX18821,182026,高额度,0,超额度用信,中,待复核,2
TX18831,111625,中额度,0,正常,低,免复核,1
TX18841,3902,高额度,4,确认违约,高,待复核,3
TX18851,15167,高额度,0,正常,低,免复核,0
TX18861,117209,高额度,0,正常,低,免复核,0
TX18871,20762,中额度,0,正常,低,免复核,0
TX18881,2912,高额度,0,正常,低,免复核,0
TX18891,205683,高额度,2,确认违约,高,待复核,5
TX18901,89302,高额度,1,连续逾期,高,待复核,2
TX18911,600,中额度,6,确认违约,高,待复核,3
TX18921,2300,高额度,0,正常,低,免复核,0
TX18931,326,高额度,0,正常,低,免复核,0
TX18941,89,高额度,1,首次逾期,中,待复核,1
TX18951,33181,低额度,2,确认违约,高,待复核,5
TX18961,792,高额度,0,确认违约,高,待复核,1
TX18971,8590,高额度,0,正常,低,免复核,0
TX18981,3459,中额度,0,正常,低,免复核,0
TX18991,40368,低额度,0,超额度用信,中,待复核,2
TX19001,358,高额度,0,正常,低,免复核,0
TX19011,311577,高额度,0,正常,低,免复核,1
TX19021,246310,高额度,0,超额度用信,中,待复核,2
TX19031,49402,中额度,1,连续逾期,高,待复核,3
TX19041,125403,高额度,0,正常,低,免复核,1
TX19051,20226,低额度,2,确认违约,高,待复核,5
TX19061,7439,中额度,0,确认违约,高,待复核,1
TX19071,9756,中额度,0,正常,低,免复核,0
TX19081,217220,高额度,0,超额度用信,中,待复核,2
TX19091,5219,中额度,0,正常,低,免复核,0
TX19101,6616,低额度,5,确认违约,高,待复核,3
TX19111,13865,中额度,0,正常,低,免复核,0
TX19121,77126,高额度,0,正常,低,免复核,0
TX19131,15979,中额度,6,确认违约,高,待复核,3
TX19141,27720,高额度,0,正常,低,免复核,0
TX19151,233438,高额度,0,正常,低,免复核,1
TX19161,1026,高额度,0,正常,低,免复核,0
TX19171,135390,中额度,0,超额度用信,中,待复核,2
TX19181,144606,高额度,0,正常,低,免复核,1
TX19191,27121,中额度,0,正常,低,免复核,0
TX19201,11698,低额度,6,确认违约,高,待复核,3
TX19211,14015,高额度,0,正常,低,免复核,0
TX19221,25893,低额度,3,确认违约,高,待复核,4
TX19231,1010,中额度,0,正常,低,免复核,0
TX19241,7234,高额度,0,正常,低,免复核,0
TX19251,38,高额度,0,确认违约,高,待复核,1
TX19261,124780,高额度,6,确认违约,高,待复核,3
TX19271,31273,低额度,4,确认违约,高,待复核,5
TX19281,0,高额度,0,正常,低,免复核,0
TX19291,1655,高额度,0,正常,低,免复核,0
TX19301,2947,高额度,1,连续逾期,高,待复核,2
TX19311,0,高额度,0,确认违约,高,待复核,1
TX19321,28428,中额度,0,正常,低,免复核,0
TX19331,59807,高额度,0,正常,低,免复核,0
TX19341,48875,中额度,0,正常,低,免复核,1
TX19351,19671,中额度,1,确认违约,高,待复核,3
TX19361,3223,低额度,1,确认违约,高,待复核,3
TX19371,0,高额度,1,首次逾期,中,待复核,1
TX19381,21953,高额度,0,正常,低,免复核,0
TX19391,291006,高额度,0,正常,低,免复核,0
TX19401,252,中额度,2,连续逾期,高,待复核,2
TX19411,8526,高额度,0,正常,低,免复核,0
TX19421,5799,高额度,0,正常,低,免复核,0
TX19431,0,高额度,0,正常,低,免复核,0
TX19441,107968,高额度,3,连续逾期,高,待复核,2
TX19451,198604,高额度,0,正常,低,免复核,0
TX19461,67967,中额度,6,连续逾期,高,待复核,3
TX19471,20494,低额度,3,连续逾期,高,待复核,2
TX19481,50615,中额度,0,正常,低,免复核,1
TX19491,19369,高额度,0,正常,低,免复核,0
TX19501,107799,高额度,0,正常,低,免复核,0
TX19511,0,中额度,1,确认违约,高,待复核,2
TX19521,23785,低额度,5,确认违约,高,待复核,3
TX19531,1919,中额度,0,正常,低,免复核,0
TX19541,16039,高额度,0,正常,低,免复核,0
TX19551,6302,高额度,0,正常,低,免复核,0
TX19561,0,高额度,0,正常,低,免复核,0
TX19571,50562,中额度,0,超额度用信,中,待复核,2
TX19581,13145,高额度,0,正常,低,免复核,0
TX19591,23347,中额度,0,正常,低,免复核,0
TX19601,0,高额度,0,正常,低,免复核,0
TX19611,121386,高额度,0,正常,低,免复核,0
TX19621,43268,中额度,0,正常,低,免复核,1
TX19631,81513,中额度,0,超额度用信,中,待复核,2
TX19641,17992,中额度,3,确认违约,高,待复核,3
TX19651,47550,高额度,0,正常,低,免复核,0
TX19661,18126,低额度,2,确认违约,高,待复核,4
TX19671,61049,中额度,2,连续逾期,高,待复核,4
TX19681,8505,中额度,0,正常,低,免复核,0
TX19691,175363,高额度,0,正常,低,免复核,0
TX19701,48694,中额度,0,正常,低,免复核,1
TX19711,3399,高额度,0,正常,低,免复核,0
TX19721,105979,中额度,0,正常,低,免复核,1
TX19731,145687,高额度,0,正常,低,免复核,0
TX19741,101706,中额度,0,正常,低,免复核,1
TX19751,437,高额度,0,确认违约,高,待复核,1
TX19761,7026,高额度,1,连续逾期,高,待复核,2
TX19771,21368,低额度,6,确认违约,高,待复核,3
TX19781,10985,高额度,0,正常,低,免复核,0
TX19791,57536,高额度,0,正常,低,免复核,0
TX19801,3463,中额度,0,正常,低,免复核,0
TX19811,5160,高额度,0,正常,低,免复核,0
TX19821,2893,高额度,3,确认违约,高,待复核,3
TX19831,3258,高额度,2,连续逾期,高,待复核,2
TX19841,4857,中额度,0,正常,低,免复核,0
TX19851,151214,高额度,0,正常,低,免复核,1
TX19861,27217,低额度,0,正常,低,免复核,1
TX19871,1162,高额度,0,正常,低,免复核,0
TX19881,9738,高额度,0,确认违约,高,待复核,1
TX19891,2054,高额度,0,正常,低,免复核,0
TX19901,390,高额度,1,连续逾期,高,待复核,2
TX19911,69957,高额度,0,正常,低,免复核,0
TX19921,44749,中额度,0,正常,低,免复核,1
TX19931,26277,中额度,0,正常,低,免复核,0
TX19941,390,高额度,1,首次逾期,中,待复核,1
TX19951,85405,高额度,0,正常,低,免复核,0
TX19961,4426,低额度,3,确认违约,高,待复核,3
TX19971,535,高额度,3,连续逾期,高,待复核,2
TX19981,123306,高额度,0,正常,低,免复核,0
TX19991,3204,高额度,1,连续逾期,高,待复核,2
TX20001,4009,高额度,0,确认违约,高,待复核,1
TX20011,201223,高额度,1,确认违约,高,待复核,4
TX20021,3376,高额度,0,正常,低,免复核,0
TX20031,17160,高额度,1,连续逾期,高,待复核,2
TX20041,2114,低额度,0,正常,低,免复核,0
TX20051,6110,低额度,1,连续逾期,高,待复核,2
TX20061,2980,高额度,0,确认违约,高,待复核,1
TX20071,68244,高额度,0,正常,低,免复核,0
TX20081,852,高额度,0,正常,低,免复核,0
TX20091,6154,高额度,0,确认违约,高,待复核,1
TX20101,25689,低额度,0,确认违约,高,待复核,2
TX20111,637,高额度,1,确认违约,高,待复核,3
TX20121,117464,中额度,0,确认违约,高,待复核,3
TX20131,68612,中额度,1,连续逾期,高,待复核,3
TX20141,8917,中额度,6,确认违约,高,待复核,3
TX20151,48519,中额度,0,正常,低,免复核,1
TX20161,1961,高额度,0,正常,低,免复核,0
TX20171,0,高额度,1,确认违约,高,待复核,2
TX20181,0,高额度,1,首次逾期,中,待复核,1
TX20191,35420,高额度,0,正常,低,免复核,0
TX20201,11500,高额度,0,正常,低,免复核,0
TX20211,60199,中额度,1,确认违约,高,待复核,5
TX20221,13687,中额度,6,确认违约,高,待复核,3
TX20231,14710,低额度,2,连续逾期,高,待复核,2
TX20241,3388,中额度,0,正常,低,免复核,0
TX20251,39555,中额度,0,正常,低,免复核,0
TX20261,13219,高额度,0,正常,低,免复核,0
TX20271,49115,中额度,0,正常,低,免复核,0
TX20281,49032,中额度,0,正常,低,免复核,0
TX20291,6379,中额度,1,连续逾期,高,待复核,2
TX20301,390,中额度,0,正常,低,免复核,0
TX20311,162647,高额度,0,正常,低,免复核,1
TX20321,92215,高额度,0,正常,低,免复核,0
TX20331,187,高额度,2,连续逾期,高,待复核,2
TX20341,193392,高额度,0,正常,低,免复核,1
TX20351,67273,高额度,0,正常,低,免复核,0
TX20361,91282,高额度,0,正常,低,免复核,0
TX20371,11306,中额度,0,确认违约,高,待复核,1
TX20381,43087,中额度,0,确认违约,高,待复核,2
TX20391,302,中额度,0,正常,低,免复核,0
TX20401,35986,中额度,0,正常,低,免复核,0
TX20411,101281,中额度,0,正常,低,免复核,0
TX20421,977,低额度,2,连续逾期,高,待复核,2
TX20431,47121,中额度,1,连续逾期,高,待复核,3
TX20441,31392,中额度,6,确认违约,高,待复核,3
TX20451,128947,中额度,1,连续逾期,高,待复核,3
TX20461,15639,中额度,0,正常,低,免复核,0
TX20471,0,中额度,1,首次逾期,中,待复核,1
TX20481,14091,中额度,2,确认违约,高,待复核,3
TX20491,0,高额度,2,连续逾期,高,待复核,2
TX20501,325,高额度,0,正常,低,免复核,0
TX20511,25081,低额度,1,连续逾期,高,待复核,3
TX20521,127399,高额度,2,确认违约,高,待复核,4
TX20531,58795,高额度,2,连续逾期,高,待复核,2
TX20541,390,高额度,0,正常,低,免复核,0
TX20551,42046,中额度,0,正常,低,免复核,1
TX20561,46385,高额度,0,正常,低,免复核,0
TX20571,1847,中额度,0,正常,低,免复核,0
TX20581,20544,高额度,2,连续逾期,高,待复核,2
TX20591,1418,高额度,0,正常,低,免复核,0
TX20601,167390,高额度,0,确认违约,高,待复核,1
TX20611,29378,高额度,0,正常,低,免复核,0
TX20621,158798,高额度,0,确认违约,高,待复核,1
TX20631,5504,中额度,0,正常,低,免复核,0
TX20641,16486,中额度,0,正常,低,免复核,0
TX20651,5347,低额度,0,正常,低,免复核,0
TX20661,576,低额度,0,确认违约,高,待复核,1
TX20671,38228,中额度,4,确认违约,高,待复核,3
TX20681,17629,低额度,3,确认违约,高,待复核,4
TX20691,109611,高额度,0,正常,低,免复核,0
TX20701,48245,中额度,0,正常,低,免复核,1
TX20711,13432,高额度,2,连续逾期,高,待复核,2
TX20721,42617,高额度,0,正常,低,免复核,0
TX20731,170146,高额度,3,连续逾期,高,待复核,2
TX20741,32290,高额度,0,正常,低,免复核,0
TX20751,0,高额度,0,正常,低,免复核,0
TX20761,18079,高额度,0,正常,低,免复核,0
TX20771,44951,中额度,6,确认违约,高,待复核,4
TX20781,30258,低额度,0,超额度用信,中,待复核,2
TX20791,29312,高额度,0,正常,低,免复核,0
TX20801,317686,高额度,0,正常,低,免复核,1
TX20811,2500,高额度,2,确认违约,高,待复核,3
TX20821,167544,高额度,0,正常,低,免复核,0
TX20831,17018,低额度,0,超额度用信,中,待复核,2
TX20841,62289,高额度,3,连续逾期,高,待复核,2
TX20851,57579,高额度,1,连续逾期,高,待复核,2
TX20861,307321,高额度,1,连续逾期,高,待复核,4
TX20871,182307,高额度,6,确认违约,高,待复核,4
TX20881,917,高额度,2,连续逾期,高,待复核,2
TX20891,354,高额度,0,正常,低,免复核,0
TX20901,87390,高额度,0,正常,低,免复核,0
TX20911,56142,高额度,0,正常,低,免复核,0
TX20921,15776,高额度,4,确认违约,高,待复核,3
TX20931,47364,中额度,0,确认违约,高,待复核,2
TX20941,101782,高额度,0,正常,低,免复核,0
TX20951,11060,高额度,0,正常,低,免复核,0
TX20961,9080,高额度,0,正常,低,免复核,0
TX20971,197204,高额度,0,正常,低,免复核,1
TX20981,114476,中额度,0,正常,低,免复核,1
TX20991,172505,高额度,6,连续逾期,高,待复核,3
TX21001,0,低额度,1,首次逾期,中,待复核,1
TX21011,1345,中额度,0,正常,低,免复核,0
TX21021,12325,高额度,0,正常,低,免复核,0
TX21031,7831,高额度,1,连续逾期,高,待复核,2
TX21041,250416,高额度,0,正常,低,免复核,1
TX21051,22591,中额度,4,连续逾期,高,待复核,2
TX21061,820,高额度,1,连续逾期,高,待复核,2
TX21071,583,高额度,0,正常,低,免复核,0
TX21081,23216,高额度,0,正常,低,免复核,0
TX21091,2569,高额度,0,正常,低,免复核,0
TX21101,54799,高额度,0,正常,低,免复核,0
TX21111,274599,高额度,0,确认违约,高,待复核,2
TX21121,26413,低额度,3,连续逾期,高,待复核,3
TX21131,31452,中额度,0,确认违约,高,待复核,1
TX21141,275659,高额度,0,正常,低,免复核,1
TX21151,102274,中额度,0,正常,低,免复核,1
TX21161,11506,高额度,0,正常,低,免复核,0
TX21171,166708,高额度,0,正常,低,免复核,1
TX21181,178517,高额度,0,正常,低,免复核,1
TX21191,15061,高额度,0,正常,低,免复核,0
TX21201,2930,高额度,0,正常,低,免复核,0
TX21211,46005,中额度,0,正常,低,免复核,1
TX21221,1075,高额度,6,连续逾期,高,待复核,2
TX21231,49571,中额度,0,正常,低,免复核,1
TX21241,235799,高额度,2,连续逾期,高,待复核,3
TX21251,9983,高额度,0,正常,低,免复核,0
TX21261,28541,低额度,0,正常,低,免复核,1
TX21271,82390,中额度,0,正常,低,免复核,0
TX21281,81647,中额度,0,确认违约,高,待复核,3
TX21291,4704,高额度,0,正常,低,免复核,0
TX21301,18865,低额度,0,正常,低,免复核,1
TX21311,3997,低额度,3,确认违约,高,待复核,3
TX21321,280809,高额度,0,正常,低,免复核,0
TX21331,50757,中额度,4,确认违约,高,待复核,5
TX21341,19071,低额度,1,连续逾期,高,待复核,3
TX21351,197792,高额度,0,正常,低,免复核,0
TX21361,0,高额度,1,首次逾期,中,待复核,1
TX21371,6854,高额度,0,确认违约,高,待复核,1
TX21381,48556,中额度,6,确认违约,高,待复核,4
TX21391,186797,高额度,4,连续逾期,高,待复核,3
TX21401,375,高额度,1,连续逾期,高,待复核,2
TX21411,16704,低额度,5,连续逾期,高,待复核,2
TX21421,16557,中额度,3,确认违约,高,待复核,3
TX21431,5323,高额度,0,正常,低,免复核,0
TX21441,3462,高额度,0,正常,低,免复核,0
TX21451,39604,高额度,0,正常,低,免复核,0
TX21461,135195,高额度,0,正常,低,免复核,0
TX21471,49119,中额度,5,确认违约,高,待复核,4
TX21481,19915,低额度,5,确认违约,高,待复核,4
TX21491,3334,高额度,0,正常,低,免复核,0
TX21501,30633,高额度,3,确认违约,高,待复核,3
TX21511,10210,低额度,0,正常,低,免复核,0
TX21521,40236,高额度,0,正常,低,免复核,0
TX21531,61558,中额度,6,确认违约,高,待复核,5
TX21541,19502,低额度,0,正常,低,免复核,0
TX21551,396,低额度,1,连续逾期,高,待复核,2
TX21561,14191,中额度,1,首次逾期,中,待复核,1
TX21571,119269,高额度,0,正常,低,免复核,0
TX21581,30380,低额度,3,确认违约,高,待复核,5
TX21591,44593,中额度,0,正常,低,免复核,1
TX21601,43634,中额度,0,确认违约,高,待复核,2
TX21611,0,中额度,0,正常,低,免复核,0
TX21621,21699,中额度,0,正常,低,免复核,0
TX21631,6714,高额度,2,连续逾期,高,待复核,2
TX21641,3587,中额度,0,正常,低,免复核,0
TX21651,3761,低额度,0,正常,低,免复核,0
TX21661,68410,中额度,0,正常,低,免复核,1
TX21671,892,中额度,0,正常,低,免复核,0
TX21681,13107,中额度,0,正常,低,免复核,0
TX21691,34084,低额度,1,连续逾期,高,待复核,3
TX21701,198768,高额度,0,正常,低,免复核,1
TX21711,43714,中额度,0,正常,低,免复核,0
TX21721,19382,低额度,0,正常,低,免复核,1
TX21731,32938,高额度,0,正常,低,免复核,0
TX21741,45049,中额度,4,确认违约,高,待复核,4
TX21751,6071,中额度,0,正常,低,免复核,0
TX21761,1077,高额度,0,确认违约,高,待复核,1
TX21771,140483,高额度,0,正常,低,免复核,0
TX21781,18734,中额度,0,正常,低,免复核,0
TX21791,2396,高额度,1,首次逾期,中,待复核,1
TX21801,40959,中额度,6,确认违约,高,待复核,4
TX21811,144010,中额度,1,确认违约,高,待复核,5
TX21821,3812,低额度,0,正常,低,免复核,0
TX21831,0,中额度,1,确认违约,高,待复核,2
TX21841,16455,中额度,6,连续逾期,高,待复核,2
TX21851,1390,高额度,0,正常,低,免复核,0
TX21861,27134,高额度,0,正常,低,免复核,0
TX21871,1471,高额度,0,正常,低,免复核,0
TX21881,174,低额度,1,连续逾期,高,待复核,2
TX21891,3739,高额度,0,确认违约,高,待复核,1
TX21901,113354,中额度,4,确认违约,高,待复核,4
TX21911,16463,高额度,0,正常,低,免复核,0
TX21921,47386,中额度,0,确认违约,高,待复核,1
TX21931,168858,高额度,1,连续逾期,高,待复核,3
TX21941,3363,中额度,0,正常,低,免复核,0
TX21951,43165,中额度,2,确认违约,高,待复核,4
TX21961,2350,中额度,6,确认违约,高,待复核,3
TX21971,5733,高额度,0,正常,低,免复核,0
TX21981,253072,高额度,2,连续逾期,高,待复核,3
TX21991,50029,中额度,0,超额度用信,中,待复核,2
TX22001,56701,中额度,2,连续逾期,高,待复核,4
TX22011,72464,中额度,5,确认违约,高,待复核,3
TX22021,5293,低额度,1,连续逾期,高,待复核,2
TX22031,12031,低额度,0,正常,低,免复核,0
TX22041,8319,高额度,0,正常,低,免复核,0
TX22051,328,中额度,0,正常,低,免复核,0
TX22061,24799,中额度,6,连续逾期,高,待复核,2
TX22071,10693,中额度,0,正常,低,免复核,0
TX22081,21117,中额度,4,确认违约,高,待复核,3
TX22091,320635,高额度,1,确认违约,高,待复核,5
TX22101,28157,中额度,0,正常,低,免复核,0
TX22111,27869,高额度,0,正常,低,免复核,0
TX22121,4134,中额度,0,正常,低,免复核,0
TX22131,34448,中额度,2,连续逾期,高,待复核,2
TX22141,50757,高额度,0,正常,低,免复核,0
TX22151,902,高额度,0,正常,低,免复核,0
TX22161,164437,高额度,0,正常,低,免复核,0
TX22171,29086,中额度,0,正常,低,免复核,0
TX22181,14309,中额度,0,正常,低,免复核,0
TX22191,438569,高额度,0,超额度用信,中,待复核,2
TX22201,24358,低额度,0,正常,低,免复核,1
TX22211,87018,中额度,0,正常,低,免复核,1
TX22221,65862,高额度,0,正常,低,免复核,0
TX22231,780,中额度,3,连续逾期,高,待复核,2
TX22241,1032,中额度,0,正常,低,免复核,0
TX22251,7885,中额度,0,确认违约,高,待复核,1
TX22261,23,高额度,0,正常,低,免复核,0
TX22271,266030,高额度,0,正常,低,免复核,1
TX22281,206879,高额度,0,确认违约,高,待复核,2
TX22291,15073,低额度,3,确认违约,高,待复核,3
TX22301,1259,高额度,0,正常,低,免复核,0
TX22311,29668,中额度,6,连续逾期,高,待复核,2
TX22321,131760,高额度,0,正常,低,免复核,0
TX22331,107603,高额度,1,连续逾期,高,待复核,2
TX22341,18761,高额度,0,正常,低,免复核,0
TX22351,7414,高额度,0,正常,低,免复核,0
TX22361,0,高额度,0,正常,低,免复核,0
TX22371,118729,高额度,0,正常,低,免复核,0
TX22381,6890,高额度,0,正常,低,免复核,0
TX22391,9609,高额度,0,正常,低,免复核,0
TX22401,237212,高额度,0,正常,低,免复核,1
TX22411,6993,低额度,0,正常,低,免复核,0
TX22421,8536,低额度,1,连续逾期,高,待复核,3
TX22431,37003,中额度,3,连续逾期,高,待复核,2
TX22441,1252,高额度,0,正常,低,免复核,0
TX22451,17816,中额度,0,正常,低,免复核,0
TX22461,52262,高额度,0,正常,低,免复核,0
TX22471,17543,低额度,0,确认违约,高,待复核,2
TX22481,19810,高额度,0,正常,低,免复核,0
TX22491,0,高额度,1,首次逾期,中,待复核,1
TX22501,3490,高额度,0,正常,低,免复核,0
TX22511,31168,中额度,0,正常,低,免复核,0
TX22521,531,低额度,4,确认违约,高,待复核,3
TX22531,104603,高额度,0,正常,低,免复核,0
TX22541,16170,高额度,3,连续逾期,高,待复核,2
TX22551,34440,中额度,4,连续逾期,高,待复核,2
TX22561,0,高额度,1,确认违约,高,待复核,2
TX22571,1670,高额度,0,确认违约,高,待复核,1
TX22581,9846,高额度,1,连续逾期,高,待复核,2
TX22591,8554,高额度,0,确认违约,高,待复核,1
TX22601,167915,高额度,0,确认违约,高,待复核,2
TX22611,140327,高额度,6,连续逾期,高,待复核,2
TX22621,28447,低额度,6,确认违约,高,待复核,5
TX22631,0,高额度,1,首次逾期,中,待复核,1
TX22641,3077,高额度,0,确认违约,高,待复核,1
TX22651,116861,高额度,0,正常,低,免复核,0
TX22661,5664,高额度,0,正常,低,免复核,0
TX22671,1017,高额度,0,正常,低,免复核,0
TX22681,3899,高额度,0,正常,低,免复核,0
TX22691,119715,中额度,4,连续逾期,高,待复核,3
TX22701,275956,高额度,0,正常,低,免复核,0
TX22711,0,高额度,0,确认违约,高,待复核,1
TX22721,59449,中额度,0,正常,低,免复核,1
TX22731,1160,高额度,0,正常,低,免复核,0
TX22741,2650,高额度,0,确认违约,高,待复核,1
TX22751,30625,高额度,0,确认违约,高,待复核,1
TX22761,13000,高额度,0,正常,低,免复核,0
TX22771,7773,高额度,0,正常,低,免复核,0
TX22781,47497,中额度,0,正常,低,免复核,1
TX22791,223,低额度,0,正常,低,免复核,0
TX22801,15220,高额度,0,正常,低,免复核,0
TX22811,11070,高额度,0,正常,低,免复核,0
TX22821,113618,高额度,0,正常,低,免复核,0
TX22831,19068,中额度,6,确认违约,高,待复核,3
TX22841,1750,中额度,0,正常,低,免复核,0
TX22851,563892,高额度,0,正常,低,免复核,1
TX22861,739,中额度,2,确认违约,高,待复核,3
TX22871,3840,高额度,0,正常,低,免复核,0
TX22881,25574,低额度,6,连续逾期,高,待复核,3
TX22891,802,高额度,0,正常,低,免复核,0
TX22901,17880,低额度,6,确认违约,高,待复核,3
TX22911,4201,高额度,0,确认违约,高,待复核,1
TX22921,4883,高额度,0,正常,低,免复核,0
TX22931,3817,中额度,0,正常,低,免复核,0
TX22941,20068,中额度,0,正常,低,免复核,0
TX22951,2500,高额度,2,确认违约,高,待复核,3
TX22961,4351,高额度,0,正常,低,免复核,0
TX22971,25084,中额度,0,正常,低,免复核,0
TX22981,10330,高额度,0,正常,低,免复核,0
TX22991,736,高额度,0,正常,低,免复核,0
TX23001,782,高额度,0,确认违约,高,待复核,1
TX23011,226319,高额度,0,确认违约,高,待复核,2
TX23021,242864,高额度,0,正常,低,免复核,1
TX23031,105610,高额度,6,确认违约,高,待复核,3
TX23041,50189,中额度,0,正常,低,免复核,0
TX23051,24435,高额度,0,正常,低,免复核,0
TX23061,13302,高额度,0,正常,低,免复核,0
TX23071,6012,高额度,0,确认违约,高,待复核,1
TX23081,6732,中额度,1,连续逾期,高,待复核,2
TX23091,0,高额度,0,确认违约,高,待复核,1
TX23101,5919,中额度,0,正常,低,免复核,0
TX23111,325056,高额度,0,超额度用信,中,待复核,2
TX23121,97886,中额度,0,正常,低,免复核,1
TX23131,102122,中额度,2,连续逾期,高,待复核,4
TX23141,360,高额度,0,正常,低,免复核,0
TX23151,899,高额度,0,正常,低,免复核,0
TX23161,49581,中额度,0,正常,低,免复核,1
TX23171,2828,高额度,0,正常,低,免复核,0
TX23181,441,高额度,0,正常,低,免复核,0
TX23191,183898,高额度,0,正常,低,免复核,0
TX23201,24953,高额度,0,正常,低,免复核,0
TX23211,100987,中额度,6,连续逾期,高,待复核,3
TX23221,1877,高额度,2,连续逾期,高,待复核,2
TX23231,11924,高额度,0,正常,低,免复核,0
TX23241,110191,中额度,0,超额度用信,中,待复核,2
TX23251,58127,中额度,0,正常,低,免复核,1
TX23261,1343,高额度,1,确认违约,高,待复核,3
TX23271,53867,中额度,0,正常,低,免复核,1
TX23281,107476,高额度,0,正常,低,免复核,0
TX23291,131221,中额度,0,超额度用信,中,待复核,2
TX23301,1632,高额度,0,正常,低,免复核,0
TX23311,3098,低额度,2,确认违约,高,待复核,3
TX23321,2175,中额度,0,正常,低,免复核,0
TX23331,2848,高额度,0,正常,低,免复核,0
TX23341,0,中额度,0,正常,低,免复核,0
TX23351,88818,高额度,0,确认违约,高,待复核,1
TX23361,374,高额度,0,正常,低,免复核,0
TX23371,45514,高额度,0,正常,低,免复核,0
TX23381,119720,中额度,0,正常,低,免复核,1
TX23391,1013,高额度,0,确认违约,高,待复核,1
TX23401,0,高额度,0,正常,低,免复核,0
TX23411,0,中额度,1,首次逾期,中,待复核,1
TX23421,2095,低额度,0,确认违约,高,待复核,1
TX23431,10559,中额度,0,正常,低,免复核,0
TX23441,1878,高额度,0,正常,低,免复核,0
TX23451,692,高额度,0,正常,低,免复核,0
TX23461,15001,高额度,1,确认违约,高,待复核,3
TX23471,9311,中额度,2,连续逾期,高,待复核,2
TX23481,0,高额度,0,正常,低,免复核,0
TX23491,332,中额度,1,确认违约,高,待复核,3
TX23501,766,高额度,0,正常,低,免复核,0
TX23511,5458,中额度,0,正常,低,免复核,0
TX23521,0,高额度,0,正常,低,免复核,0
TX23531,58448,高额度,0,正常,低,免复核,0
TX23541,0,高额度,2,连续逾期,高,待复核,2
TX23551,10,高额度,0,确认违约,高,待复核,1
TX23561,330,高额度,0,正常,低,免复核,0
TX23571,12871,高额度,0,正常,低,免复核,0
TX23581,8521,高额度,0,正常,低,免复核,0
TX23591,8710,低额度,0,正常,低,免复核,1
TX23601,17914,高额度,0,正常,低,免复核,0
TX23611,45989,中额度,0,正常,低,免复核,1
TX23621,91674,中额度,0,正常,低,免复核,1
TX23631,168179,高额度,2,确认违约,高,待复核,5
TX23641,307388,高额度,0,正常,低,免复核,1
TX23651,18649,低额度,0,正常,低,免复核,1
TX23661,1502,高额度,0,正常,低,免复核,0
TX23671,40570,中额度,1,连续逾期,高,待复核,2
TX23681,250755,高额度,0,正常,低,免复核,0
TX23691,1200,高额度,0,正常,低,免复核,0
TX23701,1700,高额度,0,正常,低,免复核,0
TX23711,44400,中额度,6,确认违约,高,待复核,3
TX23721,936,高额度,0,正常,低,免复核,0
TX23731,19594,低额度,0,正常,低,免复核,1
TX23741,18379,中额度,0,正常,低,免复核,0
TX23751,105476,中额度,0,正常,低,免复核,1
TX23761,0,高额度,1,首次逾期,中,待复核,1
TX23771,113529,高额度,0,正常,低,免复核,0
TX23781,16060,高额度,0,正常,低,免复核,0
TX23791,0,中额度,0,正常,低,免复核,0
TX23801,80199,高额度,0,正常,低,免复核,0
TX23811,664,高额度,0,正常,低,免复核,0
TX23821,1606,高额度,0,正常,低,免复核,0
TX23831,7582,高额度,0,正常,低,免复核,0
TX23841,455977,高额度,0,正常,低,免复核,1
TX23851,2890,高额度,1,连续逾期,高,待复核,2
TX23861,4316,高额度,1,首次逾期,中,待复核,1
TX23871,1726,高额度,0,正常,低,免复核,0
TX23881,0,高额度,0,正常,低,免复核,0
TX23891,47555,中额度,0,正常,低,免复核,1
TX23901,2454,中额度,0,正常,低,免复核,0
TX23911,28725,中额度,0,确认违约,高,待复核,1
TX23921,45458,中额度,0,确认违约,高,待复核,2
TX23931,96709,高额度,0,正常,低,免复核,0
TX23941,15000,高额度,0,正常,低,免复核,0
TX23951,8587,中额度,2,连续逾期,高,待复核,2
TX23961,12589,低额度,2,连续逾期,高,待复核,2
TX23971,48215,中额度,2,连续逾期,高,待复核,3
TX23981,51274,中额度,0,超额度用信,中,待复核,2
TX23991,59487,中额度,0,正常,低,免复核,1
TX24001,51246,中额度,2,连续逾期,高,待复核,4
TX24011,91151,中额度,0,超额度用信,中,待复核,2
TX24021,1188,高额度,1,确认违约,高,待复核,3
TX24031,250303,高额度,0,正常,低,免复核,1
TX24041,1870,中额度,0,正常,低,免复核,0
TX24051,64268,高额度,0,正常,低,免复核,0
TX24061,60587,高额度,0,正常,低,免复核,0
TX24071,77901,中额度,0,正常,低,免复核,1
TX24081,7169,高额度,0,正常,低,免复核,0
TX24091,1390,中额度,0,正常,低,免复核,0
TX24101,14597,低额度,1,确认违约,高,待复核,3
TX24111,400,中额度,0,正常,低,免复核,0
TX24121,3043,中额度,0,正常,低,免复核,0
TX24131,833,高额度,3,连续逾期,高,待复核,2
TX24141,13778,中额度,1,连续逾期,高,待复核,2
TX24151,2170,中额度,0,正常,低,免复核,0
TX24161,150544,高额度,0,正常,低,免复核,0
TX24171,28249,中额度,0,确认违约,高,待复核,1
TX24181,68671,中额度,0,正常,低,免复核,1
TX24191,166037,高额度,0,正常,低,免复核,0
TX24201,57040,中额度,0,正常,低,免复核,0
TX24211,25856,中额度,0,正常,低,免复核,0
TX24221,33400,高额度,0,正常,低,免复核,0
TX24231,4370,高额度,0,正常,低,免复核,0
TX24241,34831,高额度,0,正常,低,免复核,0
TX24251,832,中额度,2,连续逾期,高,待复核,2
TX24261,171861,高额度,0,正常,低,免复核,0
TX24271,49321,中额度,0,正常,低,免复核,1
TX24281,46008,中额度,0,正常,低,免复核,1
TX24291,20865,高额度,0,正常,低,免复核,0
TX24301,83149,高额度,1,连续逾期,高,待复核,2
TX24311,1050,高额度,0,确认违约,高,待复核,1
TX24321,171459,高额度,0,正常,低,免复核,0
TX24331,671,高额度,1,确认违约,高,待复核,3
TX24341,1110,中额度,0,正常,低,免复核,0
TX24351,50419,中额度,3,确认违约,高,待复核,5
TX24361,342,中额度,1,首次逾期,中,待复核,1
TX24371,262206,高额度,0,确认违约,高,待复核,3
TX24381,53145,高额度,0,正常,低,免复核,0
TX24391,22384,中额度,0,确认违约,高,待复核,1
TX24401,53797,中额度,6,确认违约,高,待复核,3
TX24411,390,低额度,0,正常,低,免复核,0
TX24421,6178,高额度,0,正常,低,免复核,0
TX24431,63446,高额度,2,连续逾期,高,待复核,2
TX24441,45619,中额度,6,连续逾期,高,待复核,2
TX24451,18139,中额度,0,确认违约,高,待复核,1
TX24461,33798,高额度,0,正常,低,免复核,0
TX24471,212647,高额度,0,正常,低,免复核,0
TX24481,2040,高额度,0,正常,低,免复核,0
TX24491,208207,高额度,0,正常,低,免复核,0
TX24501,104492,中额度,3,连续逾期,高,待复核,4
TX24511,50275,中额度,0,超额度用信,中,待复核,2
TX24521,25507,高额度,1,连续逾期,高,待复核,2
TX24531,1772,低额度,0,正常,低,免复核,0
TX24541,21374,高额度,0,正常,低,免复核,0
TX24551,143947,高额度,1,连续逾期,高,待复核,3
TX24561,0,高额度,1,首次逾期,中,待复核,1
TX24571,1050,中额度,6,确认违约,高,待复核,3
TX24581,0,高额度,1,确认违约,高,待复核,2
TX24591,67065,中额度,6,确认违约,高,待复核,4
TX24601,103202,中额度,4,确认违约,高,待复核,4
TX24611,30769,高额度,0,正常,低,免复核,0
TX24621,11030,中额度,0,正常,低,免复核,0
TX24631,1243,高额度,0,正常,低,免复核,0
TX24641,40612,中额度,0,正常,低,免复核,0
TX24651,0,高额度,1,首次逾期,中,待复核,1
TX24661,0,高额度,0,正常,低,免复核,0
TX24671,33051,高额度,0,正常,低,免复核,0
TX24681,7067,中额度,0,正常,低,免复核,0
TX24691,183047,高额度,0,超额度用信,中,待复核,2
TX24701,92288,高额度,0,正常,低,免复核,0
TX24711,30384,低额度,0,确认违约,高,待复核,3
TX24721,49917,高额度,0,正常,低,免复核,0
TX24731,206430,高额度,2,连续逾期,高,待复核,3
TX24741,82535,高额度,2,确认违约,高,待复核,3
TX24751,37501,中额度,3,确认违约,高,待复核,3
TX24761,780,低额度,2,确认违约,高,待复核,3
TX24771,26586,高额度,0,正常,低,免复核,0
TX24781,74213,高额度,0,正常,低,免复核,0
TX24791,10125,高额度,0,正常,低,免复核,0
TX24801,48322,中额度,0,正常,低,免复核,1
TX24811,1473,中额度,0,确认违约,高,待复核,1
TX24821,0,高额度,0,正常,低,免复核,0
TX24831,12648,低额度,0,正常,低,免复核,0
TX24841,1338,高额度,0,正常,低,免复核,0
TX24851,284556,高额度,0,超额度用信,中,待复核,2
TX24861,3810,高额度,1,连续逾期,高,待复核,2
TX24871,187146,高额度,0,确认违约,高,待复核,3
TX24881,24489,中额度,0,正常,低,免复核,0
TX24891,76539,中额度,4,连续逾期,高,待复核,3
TX24901,137264,高额度,0,确认违约,高,待复核,1
TX24911,4539,高额度,0,正常,低,免复核,0
TX24921,43970,高额度,0,正常,低,免复核,0
TX24931,3983,高额度,0,正常,低,免复核,0
TX24941,72930,中额度,1,连续逾期,高,待复核,4
TX24951,45442,中额度,3,连续逾期,高,待复核,3
TX24961,0,低额度,0,正常,低,免复核,0
TX24971,0,中额度,1,首次逾期,中,待复核,1
TX24981,1068,中额度,0,正常,低,免复核,0
TX24991,84437,中额度,0,超额度用信,中,待复核,2
TX25001,499,高额度,0,正常,低,免复核,0
TX25011,33499,中额度,2,连续逾期,高,待复核,2
TX25021,390,高额度,0,正常,低,免复核,0
TX25031,59056,高额度,0,正常,低,免复核,0
TX25041,46190,中额度,0,正常,低,免复核,1
TX25051,3030,高额度,0,确认违约,高,待复核,1
TX25061,11045,中额度,0,正常,低,免复核,0
TX25071,234984,高额度,0,正常,低,免复核,1
TX25081,14476,低额度,0,确认违约,高,待复核,1
TX25091,279579,高额度,0,正常,低,免复核,0
TX25101,2132,中额度,0,正常,低,免复核,0
TX25111,24181,低额度,0,正常,低,免复核,1
TX25121,93676,高额度,0,正常,低,免复核,0
TX25131,11097,高额度,0,正常,低,免复核,0
TX25141,46441,中额度,0,正常,低,免复核,0
TX25151,70349,中额度,0,超额度用信,中,待复核,2
TX25161,41355,中额度,6,确认违约,高,待复核,3
TX25171,8126,低额度,1,连续逾期,高,待复核,3
TX25181,7181,中额度,3,连续逾期,高,待复核,2
TX25191,4400,低额度,4,确认违约,高,待复核,3
TX25201,7568,低额度,1,连续逾期,高,待复核,2
TX25211,28615,高额度,0,正常,低,免复核,0
TX25221,6779,低额度,4,连续逾期,高,待复核,2
TX25231,21540,低额度,0,正常,低,免复核,0
TX25241,62536,中额度,0,正常,低,免复核,0
TX25251,30937,低额度,3,连续逾期,高,待复核,4
TX25261,39772,中额度,3,连续逾期,高,待复核,2
TX25271,42933,中额度,0,正常,低,免复核,0
TX25281,100364,高额度,3,连续逾期,高,待复核,2
TX25291,19164,中额度,0,正常,低,免复核,0
TX25301,9162,中额度,0,正常,低,免复核,0
TX25311,35101,高额度,0,正常,低,免复核,0
TX25321,23911,中额度,0,正常,低,免复核,0
TX25331,101395,高额度,0,正常,低,免复核,0
TX25341,4932,中额度,0,正常,低,免复核,0
TX25351,20540,中额度,0,正常,低,免复核,0
TX25361,264249,高额度,0,超额度用信,中,待复核,2
TX25371,8666,高额度,0,正常,低,免复核,0
TX25381,91367,中额度,0,超额度用信,中,待复核,2
TX25391,43596,高额度,1,连续逾期,高,待复核,2
TX25401,18466,低额度,1,确认违约,高,待复核,4
TX25411,128656,中额度,0,正常,低,免复核,1
TX25421,17311,低额度,2,确认违约,高,待复核,4
TX25431,97375,高额度,2,连续逾期,高,待复核,2
TX25441,86830,中额度,1,连续逾期,高,待复核,3
TX25451,42684,中额度,0,正常,低,免复核,1
TX25461,25665,低额度,1,确认违约,高,待复核,4
TX25471,17822,高额度,0,正常,低,免复核,0
TX25481,321155,高额度,0,确认违约,高,待复核,3
TX25491,18761,低额度,2,连续逾期,高,待复核,3
TX25501,177535,中额度,1,连续逾期,高,待复核,4
TX25511,81601,中额度,6,确认违约,高,待复核,4
TX25521,0,高额度,1,首次逾期,中,待复核,1
TX25531,28967,中额度,6,确认违约,高,待复核,3
TX25541,179441,高额度,3,确认违约,高,待复核,5
TX25551,12572,高额度,0,正常,低,免复核,0
TX25561,302089,高额度,0,正常,低,免复核,0
TX25571,282674,高额度,0,正常,低,免复核,0
TX25581,35099,高额度,2,连续逾期,高,待复核,2
TX25591,130623,中额度,3,确认违约,高,待复核,5
TX25601,16618,中额度,0,正常,低,免复核,0
TX25611,40420,中额度,0,正常,低,免复核,0
TX25621,66330,中额度,0,正常,低,免复核,1
TX25631,64062,高额度,0,正常,低,免复核,0
TX25641,40439,高额度,0,正常,低,免复核,0
TX25651,1675,高额度,0,正常,低,免复核,0
TX25661,0,高额度,0,正常,低,免复核,0
TX25671,35465,高额度,0,正常,低,免复核,0
TX25681,284583,高额度,0,正常,低,免复核,1
TX25691,43051,中额度,0,正常,低,免复核,1
TX25701,55477,高额度,0,正常,低,免复核,0
TX25711,3,高额度,0,正常,低,免复核,0
TX25721,390,高额度,0,确认违约,高,待复核,1
TX25731,19080,低额度,1,连续逾期,高,待复核,3
TX25741,30000,高额度,0,正常,低,免复核,0
TX25751,2433,低额度,2,确认违约,高,待复核,3
TX25761,4,高额度,0,确认违约,高,待复核,1
TX25771,19847,高额度,0,正常,低,免复核,0
TX25781,10701,高额度,0,正常,低,免复核,0
TX25791,390,中额度,0,正常,低,免复核,0
TX25801,390,高额度,0,正常,低,免复核,0
TX25811,964,高额度,0,正常,低,免复核,0
TX25821,157907,高额度,0,正常,低,免复核,0
TX25831,61291,中额度,2,确认违约,高,待复核,5
TX25841,43459,高额度,1,首次逾期,中,待复核,1
TX25851,0,高额度,0,确认违约,高,待复核,1
TX25861,1404,高额度,0,正常,低,免复核,0
TX25871,6352,高额度,0,正常,低,免复核,0
TX25881,21909,高额度,0,正常,低,免复核,0
TX25891,16,高额度,1,首次逾期,中,待复核,1
TX25901,234957,高额度,0,正常,低,免复核,0
TX25911,21920,高额度,0,正常,低,免复核,0
TX25921,17570,高额度,0,正常,低,免复核,0
TX25931,215842,高额度,0,超额度用信,中,待复核,2
TX25941,7410,高额度,0,正常,低,免复核,0
TX25951,388,高额度,0,正常,低,免复核,0
TX25961,390,中额度,1,确认违约,高,待复核,3
TX25971,1550,低额度,0,正常,低,免复核,0
TX25981,6,高额度,0,正常,低,免复核,0
TX25991,213581,高额度,0,正常,低,免复核,0
TX26001,22824,中额度,0,正常,低,免复核,0
TX26011,52306,高额度,0,正常,低,免复核,0
TX26021,929,中额度,0,正常,低,免复核,0
TX26031,6023,高额度,0,正常,低,免复核,0
TX26041,285484,高额度,0,正常,低,免复核,1
TX26051,16982,高额度,2,连续逾期,高,待复核,2
TX26061,5432,高额度,2,连续逾期,高,待复核,2
TX26071,46782,高额度,0,正常,低,免复核,0
TX26081,11712,高额度,0,正常,低,免复核,0
TX26091,15230,高额度,0,正常,低,免复核,0
TX26101,182249,高额度,0,正常,低,免复核,0
TX26111,0,中额度,0,正常,低,免复核,0
TX26121,42326,中额度,0,正常,低,免复核,1
TX26131,146033,高额度,0,正常,低,免复核,0
TX26141,2897,高额度,0,正常,低,免复核,0
TX26151,47904,中额度,6,确认违约,高,待复核,4
TX26161,1651,中额度,2,连续逾期,高,待复核,2
TX26171,164082,高额度,2,确认违约,高,待复核,5
TX26181,6294,高额度,0,正常,低,免复核,0
TX26191,175357,高额度,0,正常,低,免复核,0
TX26201,134,高额度,0,正常,低,免复核,0
TX26211,1108,高额度,0,正常,低,免复核,0
TX26221,316,高额度,0,正常,低,免复核,0
TX26231,123,高额度,2,确认违约,高,待复核,3
TX26241,147934,高额度,0,正常,低,免复核,0
TX26251,1332,高额度,0,正常,低,免复核,0
TX26261,2501,高额度,0,确认违约,高,待复核,1
TX26271,4392,高额度,0,确认违约,高,待复核,1
TX26281,56994,中额度,4,连续逾期,高,待复核,3
TX26291,15234,中额度,0,正常,低,免复核,0
TX26301,60679,中额度,2,确认违约,高,待复核,5
TX26311,0,高额度,0,正常,低,免复核,0
TX26321,4480,低额度,0,正常,低,免复核,0
TX26331,15,高额度,0,正常,低,免复核,0
TX26341,65421,高额度,1,连续逾期,高,待复核,2
TX26351,6887,高额度,0,正常,低,免复核,0
TX26361,2533,高额度,0,正常,低,免复核,0
TX26371,0,高额度,0,确认违约,高,待复核,1
TX26381,13340,高额度,0,正常,低,免复核,0
TX26391,390,中额度,3,确认违约,高,待复核,3
TX26401,58389,高额度,0,正常,低,免复核,0
TX26411,96155,中额度,0,正常,低,免复核,1
TX26421,1552,高额度,0,确认违约,高,待复核,1
TX26431,1698,高额度,0,正常,低,免复核,0
TX26441,73621,中额度,6,连续逾期,高,待复核,2
TX26451,119530,高额度,0,正常,低,免复核,0
TX26461,77347,中额度,0,正常,低,免复核,1
TX26471,4701,高额度,0,正常,低,免复核,0
TX26481,27620,低额度,0,正常,低,免复核,1
TX26491,28934,中额度,2,连续逾期,高,待复核,2
TX26501,24180,低额度,4,确认违约,高,待复核,4
TX26511,4416,低额度,2,连续逾期,高,待复核,2
TX26521,44041,中额度,1,确认违约,高,待复核,3
TX26531,74786,中额度,2,确认违约,高,待复核,5
TX26541,63654,中额度,2,连续逾期,高,待复核,2
TX26551,22000,中额度,0,确认违约,高,待复核,1
TX26561,32215,中额度,5,连续逾期,高,待复核,2
TX26571,5,高额度,1,连续逾期,高,待复核,2
TX26581,35673,高额度,0,正常,低,免复核,0
TX26591,86275,中额度,0,正常,低,免复核,1
TX26601,41300,低额度,0,超额度用信,中,待复核,2
TX26611,0,低额度,0,正常,低,免复核,0
TX26621,998,低额度,0,确认违约,高,待复核,1
TX26631,49907,中额度,0,正常,低,免复核,1
TX26641,5996,低额度,6,确认违约,高,待复核,3
TX26651,29608,低额度,1,连续逾期,高,待复核,3
TX26661,60905,高额度,0,正常,低,免复核,0
TX26671,60719,中额度,0,正常,低,免复核,1
TX26681,88072,中额度,5,确认违约,高,待复核,4
TX26691,58301,中额度,0,正常,低,免复核,0
TX26701,107560,中额度,0,确认违约,高,待复核,2
TX26711,70373,高额度,3,确认违约,高,待复核,3
TX26721,47052,中额度,0,正常,低,免复核,1
TX26731,39868,低额度,0,正常,低,免复核,1
TX26741,72763,高额度,1,确认违约,高,待复核,3
TX26751,15648,高额度,0,正常,低,免复核,0
TX26761,99931,高额度,0,正常,低,免复核,0
TX26771,3773,高额度,0,正常,低,免复核,0
TX26781,12820,高额度,0,正常,低,免复核,0
TX26791,79690,中额度,0,正常,低,免复核,1
TX26801,166701,高额度,0,正常,低,免复核,1
TX26811,48307,中额度,0,正常,低,免复核,1
TX26821,33269,高额度,0,正常,低,免复核,0
TX26831,0,高额度,0,确认违约,高,待复核,1
TX26841,2700,中额度,1,连续逾期,高,待复核,2
TX26851,11100,高额度,0,正常,低,免复核,0
TX26861,7904,高额度,0,正常,低,免复核,0
TX26871,71900,中额度,2,确认违约,高,待复核,3
TX26881,65766,中额度,5,连续逾期,高,待复核,4
TX26891,281017,高额度,0,正常,低,免复核,1
TX26901,62087,高额度,0,正常,低,免复核,0
TX26911,1548,中额度,4,连续逾期,高,待复核,2
TX26921,88506,高额度,0,正常,低,免复核,0
TX26931,5250,低额度,0,确认违约,高,待复核,1
TX26941,227604,高额度,0,正常,低,免复核,1
TX26951,13877,高额度,0,正常,低,免复核,0
TX26961,107793,中额度,0,正常,低,免复核,1
TX26971,11043,低额度,2,确认违约,高,待复核,3
TX26981,41300,高额度,0,正常,低,免复核,0
TX26991,390,中额度,0,正常,低,免复核,0
TX27001,60290,中额度,2,连续逾期,高,待复核,2
TX27011,47675,高额度,6,连续逾期,高,待复核,2
TX27021,0,高额度,1,确认违约,高,待复核,2
TX27031,236430,高额度,0,正常,低,免复核,1
TX27041,22398,高额度,0,正常,低,免复核,0
TX27051,1695,高额度,0,正常,低,免复核,0
TX27061,26400,低额度,0,超额度用信,中,待复核,2
TX27071,25949,高额度,0,正常,低,免复核,0
TX27081,2318,高额度,0,正常,低,免复核,0
TX27091,16419,低额度,1,连续逾期,高,待复核,3
TX27101,530,高额度,0,正常,低,免复核,0
TX27111,25991,中额度,3,确认违约,高,待复核,3
TX27121,19057,高额度,0,正常,低,免复核,0
TX27131,47026,高额度,0,正常,低,免复核,0
TX27141,455520,高额度,0,正常,低,免复核,1
TX27151,13176,中额度,2,连续逾期,高,待复核,2
TX27161,300,低额度,6,确认违约,高,待复核,3
TX27171,70649,中额度,0,正常,低,免复核,0
TX27181,2772,高额度,0,正常,低,免复核,0
TX27191,306836,高额度,1,连续逾期,高,待复核,4
TX27201,1568,高额度,0,正常,低,免复核,0
TX27211,1111,高额度,0,正常,低,免复核,0
TX27221,26650,中额度,0,正常,低,免复核,0
TX27231,89082,高额度,3,确认违约,高,待复核,3
TX27241,17960,低额度,0,正常,低,免复核,0
TX27251,154714,高额度,0,正常,低,免复核,0
TX27261,71051,中额度,0,正常,低,免复核,0
TX27271,22839,高额度,0,正常,低,免复核,0
TX27281,102937,高额度,0,正常,低,免复核,0
TX27291,18392,高额度,0,正常,低,免复核,0
TX27301,118610,高额度,0,正常,低,免复核,0
TX27311,2799,低额度,0,正常,低,免复核,0
TX27321,114952,高额度,5,确认违约,高,待复核,3
TX27331,1010,高额度,0,正常,低,免复核,0
TX27341,50620,中额度,0,超额度用信,中,待复核,2
TX27351,1125,高额度,0,确认违约,高,待复核,1
TX27361,185471,高额度,4,连续逾期,高,待复核,3
TX27371,6383,高额度,0,正常,低,免复核,0
TX27381,35488,高额度,0,正常,低,免复核,0
TX27391,46916,高额度,0,正常,低,免复核,0
TX27401,3897,低额度,0,正常,低,免复核,0
TX27411,261602,高额度,0,正常,低,免复核,1
TX27421,0,高额度,0,正常,低,免复核,0
TX27431,31852,中额度,0,确认违约,高,待复核,1
TX27441,510367,高额度,1,确认违约,高,待复核,5
TX27451,12202,高额度,0,正常,低,免复核,0
TX27461,17,高额度,0,正常,低,免复核,0
TX27471,17305,低额度,1,确认违约,高,待复核,4
TX27481,18726,高额度,0,正常,低,免复核,0
TX27491,49512,中额度,0,正常,低,免复核,1
TX27501,16361,低额度,0,正常,低,免复核,1
TX27511,112202,中额度,5,连续逾期,高,待复核,4
TX27521,89088,中额度,0,确认违约,高,待复核,3
TX27531,64527,中额度,0,正常,低,免复核,1
TX27541,191309,高额度,0,确认违约,高,待复核,3
TX27551,0,中额度,1,确认违约,高,待复核,2
TX27561,390,中额度,0,正常,低,免复核,0
TX27571,21192,低额度,0,超额度用信,中,待复核,2
TX27581,200545,高额度,4,确认违约,高,待复核,3
TX27591,69994,高额度,0,正常,低,免复核,0
TX27601,4864,中额度,0,正常,低,免复核,0
TX27611,5184,高额度,0,正常,低,免复核,0
TX27621,1742,中额度,0,正常,低,免复核,0
TX27631,6795,低额度,4,确认违约,高,待复核,3
TX27641,14273,低额度,0,正常,低,免复核,0
TX27651,14381,低额度,4,连续逾期,高,待复核,2
TX27661,9101,中额度,1,连续逾期,高,待复核,2
TX27671,1587,中额度,1,确认违约,高,待复核,3
TX27681,19364,低额度,0,正常,低,免复核,1
TX27691,4999,高额度,0,正常,低,免复核,0
TX27701,15493,低额度,0,正常,低,免复核,0
TX27711,17049,低额度,0,正常,低,免复核,1
TX27721,1536,中额度,1,确认违约,高,待复核,3
TX27731,9095,低额度,6,确认违约,高,待复核,3
TX27741,50051,中额度,0,超额度用信,中,待复核,2
TX27751,0,高额度,0,正常,低,免复核,0
TX27761,79986,中额度,0,正常,低,免复核,1
TX27771,77883,中额度,0,正常,低,免复核,1
TX27781,84137,中额度,0,正常,低,免复核,1
TX27791,47210,中额度,4,确认违约,高,待复核,3
TX27801,30067,中额度,6,确认违约,高,待复核,3
TX27811,14045,低额度,0,正常,低,免复核,0
TX27821,18,中额度,1,首次逾期,中,待复核,1
TX27831,2364,高额度,0,正常,低,免复核,0
TX27841,47220,中额度,3,连续逾期,高,待复核,2
TX27851,0,高额度,1,首次逾期,中,待复核,1
TX27861,74814,中额度,0,正常,低,免复核,1
TX27871,0,中额度,0,正常,低,免复核,0
TX27881,121329,中额度,3,连续逾期,高,待复核,3
TX27891,17084,高额度,0,正常,低,免复核,0
TX27901,53152,中额度,0,正常,低,免复核,0
TX27911,236258,高额度,3,连续逾期,高,待复核,3
TX27921,19029,中额度,3,连续逾期,高,待复核,2
TX27931,7964,中额度,1,连续逾期,高,待复核,2
TX27941,42825,中额度,0,正常,低,免复核,0
TX27951,159215,高额度,4,确认违约,高,待复核,3
TX27961,1186,中额度,0,正常,低,免复核,0
TX27971,29500,高额度,0,正常,低,免复核,0
TX27981,7618,高额度,0,正常,低,免复核,0
TX27991,132909,高额度,0,正常,低,免复核,0
TX28001,27371,低额度,4,确认违约,高,待复核,4
TX28011,267050,高额度,0,正常,低,免复核,0
TX28021,80100,中额度,1,连续逾期,高,待复核,4
TX28031,47194,中额度,0,确认违约,高,待复核,2
TX28041,0,高额度,1,连续逾期,高,待复核,2
TX28051,89953,高额度,0,正常,低,免复核,0
TX28061,48433,中额度,0,正常,低,免复核,1
TX28071,92924,中额度,0,正常,低,免复核,0
TX28081,7196,低额度,1,连续逾期,高,待复核,2
TX28091,109033,中额度,0,超额度用信,中,待复核,2
TX28101,18662,高额度,0,正常,低,免复核,0
TX28111,1849,高额度,0,正常,低,免复核,0
TX28121,138701,高额度,0,正常,低,免复核,0
TX28131,58543,中额度,0,正常,低,免复核,0
TX28141,16891,高额度,0,正常,低,免复核,0
TX28151,18038,低额度,6,确认违约,高,待复核,4
TX28161,78341,高额度,0,正常,低,免复核,0
TX28171,23751,中额度,6,确认违约,高,待复核,3
TX28181,13467,高额度,0,正常,低,免复核,0
TX28191,3408,中额度,0,正常,低,免复核,0
TX28201,258212,高额度,0,确认违约,高,待复核,1
TX28211,11704,高额度,0,正常,低,免复核,0
TX28221,2400,低额度,6,确认违约,高,待复核,3
TX28231,0,高额度,0,正常,低,免复核,0
TX28241,726,高额度,0,正常,低,免复核,0
TX28251,0,中额度,1,首次逾期,中,待复核,1
TX28261,259346,高额度,0,确认违约,高,待复核,2
TX28271,390,中额度,0,确认违约,高,待复核,1
TX28281,36165,中额度,0,正常,低,免复核,0
TX28291,390,高额度,0,正常,低,免复核,0
TX28301,48706,中额度,0,正常,低,免复核,1
TX28311,0,高额度,0,正常,低,免复核,0
TX28321,3738,高额度,0,正常,低,免复核,0
TX28331,27,高额度,1,首次逾期,中,待复核,1
TX28341,390,低额度,1,确认违约,高,待复核,3
TX28351,458863,高额度,1,首次逾期,中,待复核,2
TX28361,7542,高额度,0,正常,低,免复核,0
TX28371,808,中额度,1,连续逾期,高,待复核,2
TX28381,8316,高额度,0,正常,低,免复核,0
TX28391,163058,高额度,0,超额度用信,中,待复核,2
TX28401,0,高额度,1,首次逾期,中,待复核,1
TX28411,1154,高额度,0,正常,低,免复核,0
TX28421,48455,高额度,0,正常,低,免复核,0
TX28431,242422,高额度,0,正常,低,免复核,1
TX28441,119884,中额度,0,正常,低,免复核,1
TX28451,5700,高额度,0,正常,低,免复核,0
TX28461,0,低额度,0,确认违约,高,待复核,1
TX28471,30099,高额度,0,正常,低,免复核,0
TX28481,1564,高额度,1,首次逾期,中,待复核,1
TX28491,15969,低额度,1,确认违约,高,待复核,3
TX28501,2348,高额度,0,正常,低,免复核,0
TX28511,219081,高额度,0,正常,低,免复核,0
TX28521,9532,中额度,3,连续逾期,高,待复核,2
TX28531,48572,中额度,0,正常,低,免复核,1
TX28541,5931,高额度,1,首次逾期,中,待复核,1
TX28551,50854,中额度,0,超额度用信,中,待复核,2
TX28561,2030,高额度,1,确认违约,高,待复核,3
TX28571,0,中额度,1,首次逾期,中,待复核,1
TX28581,1383,中额度,0,正常,低,免复核,0
TX28591,43321,中额度,3,确认违约,高,待复核,3
TX28601,98874,中额度,0,正常,低,免复核,0
TX28611,1473,中额度,0,正常,低,免复核,0
TX28621,5511,高额度,0,正常,低,免复核,0
TX28631,9286,高额度,0,正常,低,免复核,0
TX28641,3267,高额度,0,正常,低,免复核,0
TX28651,36325,中额度,0,正常,低,免复核,0
TX28661,56403,中额度,0,正常,低,免复核,1
TX28671,301651,高额度,3,确认违约,高,待复核,5
TX28681,7808,高额度,0,正常,低,免复核,0
TX28691,57550,中额度,0,正常,低,免复核,1
TX28701,175200,高额度,1,确认违约,高,待复核,4
TX28711,32734,中额度,0,正常,低,免复核,0
TX28721,2538,中额度,0,正常,低,免复核,0
TX28731,124493,中额度,1,连续逾期,高,待复核,4
TX28741,4145,高额度,1,连续逾期,高,待复核,2
TX28751,246509,高额度,0,正常,低,免复核,1
TX28761,89226,中额度,0,正常,低,免复核,0
TX28771,0,中额度,1,确认违约,高,待复核,2
TX28781,250264,高额度,0,正常,低,免复核,0
TX28791,535,高额度,0,正常,低,免复核,0
TX28801,5437,低额度,1,确认违约,高,待复核,3
TX28811,21179,高额度,0,正常,低,免复核,0
TX28821,29213,低额度,1,连续逾期,高,待复核,3
TX28831,27273,低额度,0,正常,低,免复核,0
TX28841,76922,高额度,0,确认违约,高,待复核,1
TX28851,14889,高额度,0,正常,低,免复核,0
TX28861,0,中额度,1,首次逾期,中,待复核,1
TX28871,30238,低额度,0,确认违约,高,待复核,3
TX28881,0,高额度,0,确认违约,高,待复核,1
TX28891,26358,中额度,3,连续逾期,高,待复核,2
TX28901,79161,高额度,0,正常,低,免复核,0
TX28911,304057,高额度,2,确认违约,高,待复核,4
TX28921,0,高额度,1,确认违约,高,待复核,2
TX28931,60244,中额度,0,超额度用信,中,待复核,2
TX28941,9701,低额度,4,连续逾期,高,待复核,2
TX28951,75953,高额度,4,确认违约,高,待复核,3
TX28961,181821,高额度,0,正常,低,免复核,1
TX28971,16503,高额度,2,连续逾期,高,待复核,2
TX28981,10135,中额度,0,正常,低,免复核,0
TX28991,0,高额度,0,正常,低,免复核,0
TX29001,48032,中额度,0,正常,低,免复核,1
TX29011,157551,高额度,1,连续逾期,高,待复核,2
TX29021,359641,高额度,0,正常,低,免复核,1
TX29031,236883,高额度,0,正常,低,免复核,1
TX29041,193355,高额度,0,正常,低,免复核,0
TX29051,86179,高额度,0,正常,低,免复核,0
TX29061,293174,高额度,0,正常,低,免复核,1
TX29071,986,高额度,0,正常,低,免复核,0
TX29081,200,中额度,1,确认违约,高,待复核,2
TX29091,465,高额度,1,连续逾期,高,待复核,2
TX29101,650,高额度,0,正常,低,免复核,0
TX29111,80297,中额度,0,超额度用信,中,待复核,2
TX29121,15986,高额度,1,连续逾期,高,待复核,2
TX29131,76701,高额度,0,正常,低,免复核,0
TX29141,117287,中额度,0,正常,低,免复核,1
TX29151,353176,高额度,1,确认违约,高,待复核,4
TX29161,17474,低额度,6,连续逾期,高,待复核,3
TX29171,8735,中额度,3,确认违约,高,待复核,3
TX29181,113079,中额度,2,确认违约,高,待复核,4
TX29191,17054,中额度,0,正常,低,免复核,0
TX29201,39686,中额度,2,连续逾期,高,待复核,2
TX29211,19698,低额度,4,确认违约,高,待复核,4
TX29221,0,低额度,1,首次逾期,中,待复核,1
TX29231,11080,低额度,0,正常,低,免复核,0
TX29241,326,中额度,0,确认违约,高,待复核,1
TX29251,18885,低额度,4,确认违约,高,待复核,4
TX29261,13429,低额度,0,正常,低,免复核,0
TX29271,50419,中额度,0,确认违约,高,待复核,3
TX29281,59917,高额度,0,正常,低,免复核,0
TX29291,49644,中额度,1,确认违约,高,待复核,4
TX29301,147660,高额度,6,确认违约,高,待复核,3
TX29311,24003,中额度,0,正常,低,免复核,0
TX29321,65215,中额度,0,正常,低,免复核,0
TX29331,14577,中额度,0,正常,低,免复核,0
TX29341,543,低额度,0,正常,低,免复核,0
TX29351,2566,高额度,0,正常,低,免复核,0
TX29361,10817,中额度,2,确认违约,高,待复核,3
TX29371,137266,高额度,0,正常,低,免复核,0
TX29381,530,高额度,2,连续逾期,高,待复核,2
TX29391,133374,高额度,0,正常,低,免复核,1
TX29401,5765,高额度,1,连续逾期,高,待复核,2
TX29411,900,高额度,0,正常,低,免复核,0
TX29421,820,高额度,0,正常,低,免复核,0
TX29431,3207,高额度,0,正常,低,免复核,0
TX29441,14544,中额度,0,正常,低,免复核,0
TX29451,0,高额度,1,首次逾期,中,待复核,1
TX29461,9358,高额度,1,连续逾期,高,待复核,2
TX29471,0,高额度,1,首次逾期,中,待复核,1
TX29481,16354,低额度,1,连续逾期,高,待复核,3
TX29491,26149,高额度,0,正常,低,免复核,0
TX29501,4770,低额度,6,确认违约,高,待复核,3
TX29511,19698,中额度,0,正常,低,免复核,0
TX29521,49093,中额度,0,确认违约,高,待复核,2
TX29531,1473,中额度,0,正常,低,免复核,0
TX29541,9649,低额度,0,确认违约,高,待复核,2
TX29551,13269,低额度,4,连续逾期,高,待复核,2
TX29561,1815,高额度,3,连续逾期,高,待复核,2
TX29571,73259,中额度,6,确认违约,高,待复核,3
TX29581,85703,高额度,0,正常,低,免复核,0
TX29591,80987,中额度,2,确认违约,高,待复核,3
TX29601,833,高额度,0,正常,低,免复核,0
TX29611,44253,高额度,0,正常,低,免复核,0
TX29621,22312,中额度,4,连续逾期,高,待复核,2
TX29631,5092,中额度,0,正常,低,免复核,0
TX29641,500,高额度,0,确认违约,高,待复核,1
TX29651,334214,高额度,1,确认违约,高,待复核,5
TX29661,6290,中额度,0,正常,低,免复核,0
TX29671,222418,高额度,2,连续逾期,高,待复核,4
TX29681,16217,中额度,3,连续逾期,高,待复核,2
TX29691,570,高额度,0,正常,低,免复核,0
TX29701,8768,低额度,2,确认违约,高,待复核,3
TX29711,5322,高额度,0,正常,低,免复核,0
TX29721,42029,高额度,0,正常,低,免复核,0
TX29731,12922,低额度,0,正常,低,免复核,0
TX29741,5712,高额度,0,正常,低,免复核,0
TX29751,50693,中额度,0,超额度用信,中,待复核,2
TX29761,0,高额度,0,确认违约,高,待复核,1
TX29771,2400,低额度,6,确认违约,高,待复核,3
TX29781,51183,中额度,0,正常,低,免复核,0
TX29791,3704,高额度,0,正常,低,免复核,0
TX29801,155847,高额度,0,正常,低,免复核,0
TX29811,2753,高额度,0,正常,低,免复核,0
TX29821,396343,高额度,1,首次逾期,中,待复核,2
TX29831,0,高额度,1,确认违约,高,待复核,2
TX29841,206732,高额度,6,确认违约,高,待复核,3
TX29851,62315,中额度,0,超额度用信,中,待复核,2
TX29861,83607,高额度,0,正常,低,免复核,0
TX29871,9018,低额度,0,确认违约,高,待复核,2
TX29881,135261,中额度,0,确认违约,高,待复核,2
TX29891,291,高额度,0,正常,低,免复核,0
TX29901,16809,低额度,0,确认违约,高,待复核,2
TX29911,167,高额度,0,正常,低,免复核,0
TX29921,71927,中额度,1,确认违约,高,待复核,5
TX29931,6216,低额度,5,连续逾期,高,待复核,2
TX29941,20733,低额度,2,连续逾期,高,待复核,4
TX29951,528,高额度,1,连续逾期,高,待复核,2
TX29961,9406,低额度,0,正常,低,免复核,1
TX29971,33654,高额度,0,正常,低,免复核,0
TX29981,43998,中额度,0,正常,低,免复核,1
TX29991,138325,中额度,0,正常,低,免复核,1
