客户号,最近购买天数,购买次数,总消费,分层(规则派生)
18102,129,8,3647,高价值流失(规则)
14646,14,12,1470,重要价值(规则)
17949,5,1,1314,重要价值(规则)
13798,6,10,1004,重要价值(规则)
14156,23,20,832,重要价值(规则)
15061,26,5,784,重要价值(规则)
13694,188,9,769,高价值流失(规则)
17511,35,12,763,重要价值(规则)
15311,3,34,748,重要价值(规则)
14911,5,48,737,重要价值(规则)
16684,21,4,705,重要价值(规则)
14298,22,10,638,重要价值(规则)
13777,139,3,588,高价值流失(规则)
12415,9,2,531,重要价值(规则)
13831,3,4,511,重要价值(规则)
15769,162,2,495,高价值流失(规则)
13767,3,8,464,重要价值(规则)
16013,78,4,444,高价值流失(规则)
15640,129,2,407,高价值流失(规则)
17850,6,17,405,重要价值(规则)
13408,78,5,387,高价值流失(规则)
17306,27,1,360,重要价值(规则)
15523,22,2,353,重要价值(规则)
12482,234,3,342,高价值流失(规则)
15727,36,6,329,重要价值(规则)
13488,1,5,319,重要价值(规则)
13089,33,15,311,重要价值(规则)
14308,183,1,298,高价值流失(规则)
16705,78,4,288,高价值流失(规则)
14299,122,4,271,高价值流失(规则)
12748,0,23,269,重要价值(规则)
18087,128,2,261,高价值流失(规则)
15385,311,1,245,高价值流失(规则)
14527,16,13,232,重要价值(规则)
13093,19,7,232,重要价值(规则)
15273,233,1,229,高价值流失(规则)
13090,20,2,219,重要价值(规则)
16652,104,3,210,高价值流失(规则)
12863,223,1,204,高价值流失(规则)
14952,51,4,201,重要价值(规则)
17675,27,4,201,重要价值(规则)
17841,5,43,199,重要价值(规则)
13081,48,13,199,重要价值(规则)
17696,17,4,195,重要价值(规则)
16525,122,3,193,高价值流失(规则)
15372,295,1,184,高价值流失(规则)
17716,30,5,175,重要价值(规则)
13078,8,5,173,重要价值(规则)
12949,34,6,169,重要价值(规则)
13935,230,2,168,高价值流失(规则)
16118,286,1,165,高价值流失(规则)
13629,156,1,165,高价值流失(规则)
15032,0,1,165,重要价值(规则)
16570,13,4,163,重要价值(规则)
14045,175,1,163,高价值流失(规则)
17677,133,4,161,高价值流失(规则)
13551,300,1,152,高价值流失(规则)
18251,110,1,145,高价值流失(规则)
12681,16,10,144,重要价值(规则)
13329,65,1,139,高价值流失(规则)
14606,0,36,137,重要价值(规则)
15984,56,6,136,重要价值(规则)
12481,10,4,136,重要价值(规则)
17931,65,4,133,高价值流失(规则)
13057,265,1,132,高价值流失(规则)
15614,71,2,132,高价值流失(规则)
13049,23,2,132,重要价值(规则)
15768,183,12,131,高价值流失(规则)
13859,163,1,128,高价值流失(规则)
14229,72,1,128,高价值流失(规则)
17230,356,2,127,高价值流失(规则)
17865,19,6,127,重要价值(规则)
12731,206,1,127,高价值流失(规则)
17243,17,7,126,重要价值(规则)
13802,125,2,125,高价值流失(规则)
15194,14,3,124,重要价值(规则)
16880,127,1,122,高价值流失(规则)
14496,7,1,122,重要价值(规则)
15856,34,5,120,重要价值(规则)
12967,17,1,120,重要价值(规则)
12678,9,1,120,重要价值(规则)
13085,313,2,119,高价值流失(规则)
12714,90,4,119,高价值流失(规则)
17377,12,12,118,重要价值(规则)
12477,33,3,115,重要价值(规则)
13564,31,13,114,重要价值(规则)
16103,105,2,114,高价值流失(规则)
15808,15,8,112,重要价值(规则)
15039,27,9,111,重要价值(规则)
14961,17,2,110,重要价值(规则)
15754,133,2,110,高价值流失(规则)
15738,34,2,110,重要价值(规则)
13199,27,2,108,重要价值(规则)
17190,183,2,107,高价值流失(规则)
17508,210,2,105,高价值流失(规则)
12409,54,2,105,重要价值(规则)
14733,13,2,105,重要价值(规则)
13141,19,3,104,重要价值(规则)
13178,99,3,104,高价值流失(规则)
12578,62,2,103,高价值流失(规则)
15601,6,6,102,重要价值(规则)
17920,2,12,101,重要价值(规则)
17448,163,8,100,高价值流失(规则)
16722,2,3,100,重要价值(规则)
17428,29,4,100,重要价值(规则)
17853,41,3,99,重要价值(规则)
15874,118,4,98,高价值流失(规则)
15093,177,4,97,高价值流失(规则)
14849,15,5,95,重要价值(规则)
14035,40,3,95,重要价值(规则)
12649,57,2,94,重要价值(规则)
17227,327,1,94,高价值流失(规则)
18092,113,1,94,高价值流失(规则)
14538,317,1,92,高价值流失(规则)
15046,59,2,92,重要价值(规则)
13958,13,2,92,重要价值(规则)
12666,28,1,92,重要价值(规则)
17409,55,2,90,重要价值(规则)
12406,33,1,90,重要价值(规则)
15842,22,3,89,重要价值(规则)
12583,7,2,88,重要价值(规则)
14895,173,4,86,高价值流失(规则)
14492,64,2,86,高价值流失(规则)
15652,56,2,86,重要价值(规则)
13102,101,2,85,高价值流失(规则)
14113,48,3,84,重要价值(规则)
13162,105,3,84,高价值流失(规则)
17644,218,4,84,高价值流失(规则)
14735,51,2,84,重要价值(规则)
14404,212,2,83,高价值流失(规则)
12835,216,6,82,高价值流失(规则)
13668,16,6,82,重要价值(规则)
13983,78,3,82,高价值流失(规则)
17048,71,1,82,高价值流失(规则)
12471,20,5,81,重要价值(规则)
17477,246,2,81,高价值流失(规则)
14408,264,1,81,高价值流失(规则)
13225,55,1,81,重要价值(规则)
15555,9,10,80,重要价值(规则)
15622,201,4,80,高价值流失(规则)
13327,29,2,79,重要价值(规则)
18061,10,2,79,重要价值(规则)
17160,31,5,78,重要价值(规则)
17589,19,9,78,重要价值(规则)
14615,86,2,78,高价值流失(规则)
14146,17,3,77,重要价值(规则)
17044,105,1,77,高价值流失(规则)
15766,90,1,77,高价值流失(规则)
12510,320,1,76,高价值流失(规则)
17739,147,1,76,高价值流失(规则)
14292,73,1,76,高价值流失(规则)
13001,92,4,75,高价值流失(规则)
12668,12,5,75,重要价值(规则)
15674,194,3,75,高价值流失(规则)
12567,1,4,74,重要价值(规则)
14709,68,4,72,高价值流失(规则)
15785,59,3,71,重要价值(规则)
13206,103,5,70,高价值流失(规则)
16713,42,6,70,重要价值(规则)
15298,34,4,70,重要价值(规则)
16746,54,4,70,重要价值(规则)
12476,36,4,70,重要价值(规则)
12357,22,1,70,重要价值(规则)
16710,2,8,69,重要价值(规则)
17211,3,5,69,重要价值(规则)
16839,203,1,69,高价值流失(规则)
16549,31,17,68,重要价值(规则)
17730,16,2,68,重要价值(规则)
13464,107,1,68,高价值流失(规则)
15151,57,1,68,重要价值(规则)
16168,37,2,68,重要价值(规则)
17018,21,1,68,重要价值(规则)
17505,184,2,67,高价值流失(规则)
13291,118,2,67,高价值流失(规则)
12986,47,3,66,重要价值(规则)
15950,36,4,66,重要价值(规则)
16558,13,4,66,重要价值(规则)
16096,50,1,66,重要价值(规则)
17416,86,3,65,高价值流失(规则)
14194,280,3,65,高价值流失(规则)
13319,56,4,65,重要价值(规则)
14422,197,4,65,高价值流失(规则)
15981,204,1,64,高价值流失(规则)
13617,129,1,64,高价值流失(规则)
14051,115,1,64,高价值流失(规则)
15144,112,1,64,高价值流失(规则)
14875,75,1,64,高价值流失(规则)
14239,117,4,63,高价值流失(规则)
13468,160,4,63,高价值流失(规则)
16200,185,4,62,高价值流失(规则)
16823,66,3,62,高价值流失(规则)
14227,48,5,61,重要价值(规则)
15051,13,3,61,重要价值(规则)
16186,43,4,61,重要价值(规则)
16501,17,1,61,重要价值(规则)
12539,350,1,60,高价值流失(规则)
16917,266,1,60,高价值流失(规则)
15546,240,1,60,高价值流失(规则)
15005,35,11,59,重要价值(规则)
17231,47,8,59,重要价值(规则)
12796,262,1,59,高价值流失(规则)
16341,243,1,59,高价值流失(规则)
17339,143,1,59,高价值流失(规则)
13993,15,4,58,重要价值(规则)
14286,38,4,58,重要价值(规则)
13735,28,4,58,重要价值(规则)
15633,197,5,58,高价值流失(规则)
14258,133,3,58,高价值流失(规则)
16656,54,1,58,重要价值(规则)
16019,359,1,56,高价值流失(规则)
17965,21,6,56,重要价值(规则)
15513,329,1,56,高价值流失(规则)
12540,310,1,56,高价值流失(规则)
15502,188,1,56,高价值流失(规则)
14769,61,4,55,高价值流失(规则)
16938,64,4,55,高价值流失(规则)
16779,12,7,55,重要价值(规则)
13495,58,2,55,重要价值(规则)
17096,147,3,55,高价值流失(规则)
17257,70,1,55,高价值流失(规则)
17364,176,5,54,高价值流失(规则)
16327,147,6,54,高价值流失(规则)
15498,113,3,54,高价值流失(规则)
15137,154,2,54,高价值流失(规则)
12530,86,1,54,高价值流失(规则)
15073,34,3,53,重要价值(规则)
14532,164,3,53,高价值流失(规则)
17294,303,1,53,高价值流失(规则)
14944,71,3,53,高价值流失(规则)
18025,40,3,53,重要价值(规则)
13113,13,3,53,重要价值(规则)
14919,173,1,53,高价值流失(规则)
13969,20,5,53,重要价值(规则)
15281,12,3,53,重要价值(规则)
14755,282,2,52,高价值流失(规则)
13756,77,2,51,高价值流失(规则)
14057,112,2,51,高价值流失(规则)
17707,94,1,51,高价值流失(规则)
16979,17,2,51,重要价值(规则)
17311,55,1,51,重要价值(规则)
13148,23,4,50,重要价值(规则)
16843,246,2,50,高价值流失(规则)
18231,161,4,50,高价值流失(规则)
13414,97,3,50,高价值流失(规则)
15571,20,4,50,重要价值(规则)
15150,90,2,50,高价值流失(规则)
14555,15,2,50,重要价值(规则)
16293,13,2,50,重要价值(规则)
13823,14,3,49,重要价值(规则)
14685,210,4,49,高价值流失(规则)
18272,182,3,49,高价值流失(规则)
12615,47,3,49,重要价值(规则)
17068,13,7,49,重要价值(规则)
15358,8,5,48,一般保持(规则)
17091,1,4,48,一般保持(规则)
13448,7,4,47,一般保持(规则)
12921,21,7,47,一般保持(规则)
12472,7,8,47,一般保持(规则)
16267,225,1,47,一般保持(规则)
12586,8,2,47,一般保持(规则)
15912,322,2,46,一般保持(规则)
18106,110,3,46,一般保持(规则)
17139,23,3,46,一般保持(规则)
12490,93,2,46,一般保持(规则)
17611,55,5,45,一般保持(规则)
16104,115,2,45,一般保持(规则)
14249,185,3,45,一般保持(规则)
13382,62,2,45,一般保持(规则)
15027,216,1,45,一般保持(规则)
15967,13,5,45,一般保持(规则)
13297,56,2,45,一般保持(规则)
17389,153,1,45,一般保持(规则)
15394,108,2,45,一般保持(规则)
13590,9,3,45,一般保持(规则)
14800,3,2,45,一般保持(规则)
15719,15,9,44,一般保持(规则)
13952,14,3,44,一般保持(规则)
13963,22,2,44,一般保持(规则)
14553,45,3,44,一般保持(规则)
17032,328,2,43,一般保持(规则)
15494,112,3,43,一般保持(规则)
13758,24,2,43,一般保持(规则)
14205,89,2,43,一般保持(规则)
16814,3,5,43,一般保持(规则)
16156,16,2,43,一般保持(规则)
14080,262,2,42,一般保持(规则)
14969,337,1,42,一般保持(规则)
17534,85,2,42,一般保持(规则)
17581,27,5,42,一般保持(规则)
13514,213,1,42,一般保持(规则)
12941,358,1,41,一般保持(规则)
14085,63,5,41,一般保持(规则)
13174,3,6,41,一般保持(规则)
18144,239,1,41,一般保持(规则)
14936,24,2,41,一般保持(规则)
14060,6,1,41,一般保持(规则)
17412,6,4,40,一般保持(规则)
12975,70,2,40,一般保持(规则)
14505,38,6,40,一般保持(规则)
17027,363,1,40,一般保持(规则)
17213,358,1,40,一般保持(规则)
13377,30,2,40,一般保持(规则)
12837,203,1,40,一般保持(规则)
15127,153,1,40,一般保持(规则)
17442,15,2,40,一般保持(规则)
12412,121,1,40,一般保持(规则)
17873,7,3,40,一般保持(规则)
16126,57,1,40,一般保持(规则)
14790,8,2,40,一般保持(规则)
17588,30,3,40,一般保持(规则)
17998,14,2,39,一般保持(规则)
16556,65,5,39,一般保持(规则)
17799,120,5,39,一般保持(规则)
12613,359,1,39,一般保持(规则)
14329,63,3,39,一般保持(规则)
16655,80,5,39,一般保持(规则)
16918,56,4,39,一般保持(规则)
16099,280,1,39,一般保持(规则)
16550,2,4,39,一般保持(规则)
13709,80,2,39,一般保持(规则)
12647,57,2,39,一般保持(规则)
12623,178,1,39,一般保持(规则)
13373,49,3,38,一般保持(规则)
17082,28,2,38,一般保持(规则)
13393,281,2,38,一般保持(规则)
16984,33,5,38,一般保持(规则)
15227,267,1,38,一般保持(规则)
14309,184,1,38,一般保持(规则)
14025,181,1,38,一般保持(规则)
16883,166,3,38,一般保持(规则)
15078,162,1,38,一般保持(规则)
18226,12,3,38,一般保持(规则)
16736,357,2,37,一般保持(规则)
16732,37,2,37,一般保持(规则)
14016,261,2,37,一般保持(规则)
15164,66,4,37,一般保持(规则)
13293,37,2,37,一般保持(规则)
14461,16,3,37,一般保持(规则)
17635,58,2,37,一般保持(规则)
13705,76,2,37,一般保持(规则)
14049,70,2,37,一般保持(规则)
12455,211,2,36,一般保持(规则)
16143,209,2,36,一般保持(规则)
13571,22,5,36,一般保持(规则)
15252,55,2,36,一般保持(规则)
15332,147,1,36,一般保持(规则)
16065,14,4,36,一般保持(规则)
15362,82,1,36,一般保持(规则)
12543,82,1,36,一般保持(规则)
14466,58,1,36,一般保持(规则)
12758,259,2,35,一般保持(规则)
17287,21,5,35,一般保持(规则)
17400,292,2,35,一般保持(规则)
13192,320,1,35,一般保持(规则)
15425,162,2,35,一般保持(规则)
15428,271,1,35,一般保持(规则)
16845,252,1,35,一般保持(规则)
13012,63,2,35,一般保持(规则)
16175,145,2,35,一般保持(规则)
13107,176,1,35,一般保持(规则)
16739,170,1,35,一般保持(规则)
14426,94,2,35,一般保持(规则)
12380,99,2,35,一般保持(规则)
16950,143,1,35,一般保持(规则)
16258,113,1,35,一般保持(规则)
13931,50,2,35,一般保持(规则)
14837,76,1,35,一般保持(规则)
16980,62,1,35,一般保持(规则)
16465,54,1,35,一般保持(规则)
16709,13,2,35,一般保持(规则)
12747,22,1,35,一般保持(规则)
13654,14,1,35,一般保持(规则)
12838,7,1,35,一般保持(规则)
13680,105,5,34,一般保持(规则)
15422,87,3,34,一般保持(规则)
13815,184,2,34,一般保持(规则)
16926,160,1,34,一般保持(规则)
17757,23,4,34,一般保持(规则)
15992,30,2,34,一般保持(规则)
15960,69,1,34,一般保持(规则)
14395,51,1,34,一般保持(规则)
16497,185,2,33,一般保持(规则)
17529,244,2,33,一般保持(规则)
14068,237,2,33,一般保持(规则)
13446,64,4,33,一般保持(规则)
12809,199,2,33,一般保持(规则)
14593,31,3,33,一般保持(规则)
13715,135,3,33,一般保持(规则)
14713,13,5,33,一般保持(规则)
12523,9,2,33,一般保持(规则)
13157,208,1,33,一般保持(规则)
13031,78,4,33,一般保持(规则)
13971,111,2,33,一般保持(规则)
16180,168,1,33,一般保持(规则)
15617,49,2,33,一般保持(规则)
16529,111,2,33,一般保持(规则)
18074,7,2,33,一般保持(规则)
15301,2,2,33,一般保持(规则)
17594,83,1,33,一般保持(规则)
17280,72,1,33,一般保持(规则)
14560,21,1,33,一般保持(规则)
16955,2,1,33,一般保持(规则)
17519,237,2,32,一般保持(规则)
14415,13,7,32,一般保持(规则)
16138,12,2,32,一般保持(规则)
16153,132,2,32,一般保持(规则)
13394,69,2,32,一般保持(规则)
13137,20,7,32,一般保持(规则)
13884,10,2,32,一般保持(规则)
14648,166,3,31,一般保持(规则)
15367,52,2,31,一般保持(规则)
15916,192,3,31,一般保持(规则)
13334,170,2,31,一般保持(规则)
14465,267,1,31,一般保持(规则)
12957,239,1,31,一般保持(规则)
15260,125,3,31,一般保持(规则)
12744,93,1,31,一般保持(规则)
13281,73,1,31,一般保持(规则)
17172,64,1,31,一般保持(规则)
12694,55,1,31,一般保持(规则)
18066,49,1,31,一般保持(规则)
15481,35,1,31,一般保持(规则)
14559,24,1,31,一般保持(规则)
16194,9,1,31,一般保持(规则)
14159,13,7,30,一般保持(规则)
15716,260,2,30,一般保持(规则)
14643,362,1,30,一般保持(规则)
14032,359,1,30,一般保持(规则)
15393,358,1,30,一般保持(规则)
18252,355,1,30,一般保持(规则)
14986,318,1,30,一般保持(规则)
13975,50,4,30,一般保持(规则)
16986,307,1,30,一般保持(规则)
16161,180,3,30,一般保持(规则)
13407,295,1,30,一般保持(规则)
14639,42,2,30,一般保持(规则)
13490,288,1,30,一般保持(规则)
14640,258,1,30,一般保持(规则)
14291,14,2,30,一般保持(规则)
16053,73,3,30,一般保持(规则)
14011,114,2,30,一般保持(规则)
14040,20,4,30,一般保持(规则)
13753,232,1,30,一般保持(规则)
13050,38,8,30,一般保持(规则)
16384,224,1,30,一般保持(规则)
12377,223,1,30,一般保持(规则)
17188,218,1,30,一般保持(规则)
15129,216,1,30,一般保持(规则)
14221,213,1,30,一般保持(规则)
14055,211,1,30,一般保持(规则)
13632,28,2,30,一般保持(规则)
14439,201,1,30,一般保持(规则)
14260,105,2,30,一般保持(规则)
15867,8,2,30,一般保持(规则)
16743,125,2,30,一般保持(规则)
13707,170,1,30,一般保持(规则)
17686,57,2,30,一般保持(规则)
15521,86,2,30,一般保持(规则)
15142,44,2,30,一般保持(规则)
17046,118,1,30,一般保持(规则)
17204,72,1,30,一般保持(规则)
16198,71,1,30,一般保持(规则)
14319,58,1,30,一般保持(规则)
17122,43,1,30,一般保持(规则)
13362,41,1,30,一般保持(规则)
14081,3,6,29,一般保持(规则)
17059,3,4,29,一般保持(规则)
16771,279,2,29,一般保持(规则)
13878,209,2,29,一般保持(规则)
17550,118,5,29,一般保持(规则)
15321,51,3,29,一般保持(规则)
16499,61,2,29,一般保持(规则)
13069,10,6,29,一般保持(规则)
15247,171,1,29,一般保持(规则)
12637,12,3,29,一般保持(规则)
16600,17,2,29,一般保持(规则)
16393,8,2,28,一般保持(规则)
14796,0,3,28,一般保持(规则)
13557,160,2,28,一般保持(规则)
15527,84,2,28,一般保持(规则)
15615,54,2,28,一般保持(规则)
16335,226,3,28,一般保持(规则)
14855,108,2,28,一般保持(规则)
17107,31,3,28,一般保持(规则)
14852,145,2,28,一般保持(规则)
12682,19,4,28,一般保持(规则)
12720,3,3,28,一般保持(规则)
12947,7,1,28,一般保持(规则)
15179,59,4,27,一般保持(规则)
16891,5,4,27,一般保持(规则)
14680,13,16,27,一般保持(规则)
16619,232,2,27,一般保持(规则)
14878,10,4,27,一般保持(规则)
16906,62,2,27,一般保持(规则)
16125,14,2,27,一般保持(规则)
12474,26,3,27,一般保持(规则)
13360,65,1,27,一般保持(规则)
12376,51,1,27,一般保持(规则)
14130,9,2,27,一般保持(规则)
15747,9,3,27,一般保持(规则)
15536,43,1,27,一般保持(规则)
13497,2,1,27,一般保持(规则)
13768,364,1,26,一般保持(规则)
16802,364,1,26,一般保持(规则)
14897,358,1,26,一般保持(规则)
15514,350,1,26,一般保持(规则)
18051,337,1,26,一般保持(规则)
17754,328,2,26,一般保持(规则)
14256,322,2,26,一般保持(规则)
15421,19,3,26,一般保持(规则)
13662,167,2,26,一般保持(规则)
14770,101,2,26,一般保持(规则)
12399,278,1,26,一般保持(规则)
13764,203,2,26,一般保持(规则)
17268,267,1,26,一般保持(规则)
13151,261,1,26,一般保持(规则)
12983,232,1,26,一般保持(规则)
16873,212,1,26,一般保持(规则)
12549,211,1,26,一般保持(规则)
16290,178,2,26,一般保持(规则)
16072,62,2,26,一般保持(规则)
14058,164,1,26,一般保持(规则)
15665,45,2,26,一般保持(规则)
15723,45,2,26,一般保持(规则)
14568,69,1,26,一般保持(规则)
13014,61,2,26,一般保持(规则)
15978,66,1,26,一般保持(规则)
12516,64,1,26,一般保持(规则)
14978,64,1,26,一般保持(规则)
17758,64,1,26,一般保持(规则)
17700,139,2,25,一般保持(规则)
14915,370,1,25,一般保持(规则)
15079,365,1,25,一般保持(规则)
14626,196,2,25,一般保持(规则)
15607,177,2,25,一般保持(规则)
17138,274,2,25,一般保持(规则)
12416,290,1,25,一般保持(规则)
13434,289,1,25,一般保持(规则)
15493,23,4,25,一般保持(规则)
18069,17,4,25,一般保持(规则)
14401,126,2,25,一般保持(规则)
14857,76,2,25,一般保持(规则)
15216,252,1,25,一般保持(规则)
16190,233,1,25,一般保持(规则)
14177,28,2,25,一般保持(规则)
14175,217,1,25,一般保持(规则)
13982,133,3,25,一般保持(规则)
12621,98,4,25,一般保持(规则)
16004,197,1,25,一般保持(规则)
17338,9,4,25,一般保持(规则)
13266,140,1,25,一般保持(规则)
15480,103,1,25,一般保持(规则)
17438,78,1,25,一般保持(规则)
14226,75,1,25,一般保持(规则)
13873,17,2,25,一般保持(规则)
16757,43,1,25,一般保持(规则)
17334,40,1,25,一般保持(规则)
15860,10,2,25,一般保持(规则)
15218,23,1,25,一般保持(规则)
15235,15,2,25,一般保持(规则)
16988,13,1,25,一般保持(规则)
15350,7,1,25,一般保持(规则)
16210,2,1,25,一般保持(规则)
14861,45,2,24,一般保持(规则)
16400,205,3,24,一般保持(规则)
13455,87,3,24,一般保持(规则)
16945,78,3,24,一般保持(规则)
14625,314,2,24,一般保持(规则)
17576,83,3,24,一般保持(规则)
15023,34,3,24,一般保持(规则)
13451,80,3,24,一般保持(规则)
13357,195,2,24,一般保持(规则)
15819,170,1,24,一般保持(规则)
15369,8,2,24,一般保持(规则)
16756,115,1,24,一般保持(规则)
16477,58,2,24,一般保持(规则)
15710,51,1,24,一般保持(规则)
15002,294,2,23,一般保持(规则)
14754,59,2,23,一般保持(规则)
12733,131,2,23,一般保持(规则)
14497,307,1,23,一般保持(规则)
12645,98,2,23,一般保持(规则)
14535,29,5,23,一般保持(规则)
17488,275,1,23,一般保持(规则)
17147,86,2,23,一般保持(规则)
16809,66,3,23,一般保持(规则)
17842,236,1,23,一般保持(规则)
13269,15,2,23,一般保持(规则)
18281,211,1,23,一般保持(规则)
15034,33,2,23,一般保持(规则)
15559,202,1,23,一般保持(规则)
14573,6,2,23,一般保持(规则)
13059,181,1,23,一般保持(规则)
15786,170,1,23,一般保持(规则)
18109,14,3,23,一般保持(规则)
16503,155,1,23,一般保持(规则)
14248,149,1,23,一般保持(规则)
17863,143,1,23,一般保持(规则)
14797,141,1,23,一般保持(规则)
16159,104,1,23,一般保持(规则)
14499,103,1,23,一般保持(规则)
16353,96,1,23,一般保持(规则)
12662,82,1,23,一般保持(规则)
13591,69,1,23,一般保持(规则)
12639,68,1,23,一般保持(规则)
16639,43,1,23,一般保持(规则)
15544,6,2,23,一般保持(规则)
13996,33,1,23,一般保持(规则)
14379,27,1,23,一般保持(规则)
13984,30,2,22,一般保持(规则)
17238,5,5,22,一般保持(规则)
16788,38,3,22,一般保持(规则)
13503,190,2,22,一般保持(规则)
16649,154,1,22,一般保持(规则)
17365,50,2,22,一般保持(规则)
17597,52,2,22,一般保持(规则)
17019,2,5,21,一般保持(规则)
17858,3,2,21,一般保持(规则)
15862,194,4,21,一般保持(规则)
17625,80,3,21,一般保持(规则)
12836,23,3,21,一般保持(规则)
13980,73,2,21,一般保持(规则)
13330,288,1,21,一般保持(规则)
14493,170,2,21,一般保持(规则)
13573,13,2,21,一般保持(规则)
17838,264,1,21,一般保持(规则)
18091,227,1,21,一般保持(规则)
16317,218,1,21,一般保持(规则)
12877,48,2,21,一般保持(规则)
15755,13,3,21,一般保持(规则)
16170,94,3,21,一般保持(规则)
14551,45,2,21,一般保持(规则)
16241,17,3,21,一般保持(规则)
17768,21,1,21,一般保持(规则)
13313,371,1,20,一般保持(规则)
17402,17,3,20,一般保持(规则)
12440,351,1,20,一般保持(规则)
16296,335,1,20,一般保持(规则)
16253,323,1,20,一般保持(规则)
15296,205,3,20,一般保持(规则)
13820,314,1,20,一般保持(规则)
16390,313,1,20,一般保持(规则)
13421,297,1,20,一般保持(规则)
12426,296,1,20,一般保持(规则)
16693,150,2,20,一般保持(规则)
12945,290,1,20,一般保持(规则)
15309,285,1,20,一般保持(规则)
17760,50,2,20,一般保持(规则)
14451,23,4,20,一般保持(规则)
14355,261,1,20,一般保持(规则)
13900,258,1,20,一般保持(规则)
16036,254,1,20,一般保持(规则)
13361,251,1,20,一般保持(规则)
17678,237,1,20,一般保持(规则)
12780,232,1,20,一般保持(规则)
16585,227,1,20,一般保持(规则)
17093,226,1,20,一般保持(规则)
17169,212,1,20,一般保持(规则)
13052,54,2,20,一般保持(规则)
16807,209,1,20,一般保持(规则)
17623,43,2,20,一般保持(规则)
12389,201,1,20,一般保持(规则)
17583,194,1,20,一般保持(规则)
15817,177,1,20,一般保持(规则)
14139,176,1,20,一般保持(规则)
12431,142,1,20,一般保持(规则)
17320,142,1,20,一般保持(规则)
14092,136,1,20,一般保持(规则)
12857,128,1,20,一般保持(规则)
15095,126,1,20,一般保持(规则)
15757,126,1,20,一般保持(规则)
13920,124,1,20,一般保持(规则)
18236,115,1,20,一般保持(规则)
17430,113,1,20,一般保持(规则)
17713,113,1,20,一般保持(规则)
17159,111,1,20,一般保持(规则)
15570,57,2,20,一般保持(规则)
13863,99,1,20,一般保持(规则)
17640,87,1,20,一般保持(规则)
15824,87,1,20,一般保持(规则)
13440,85,1,20,一般保持(规则)
13880,85,1,20,一般保持(规则)
18287,78,1,20,一般保持(规则)
14740,71,1,20,一般保持(规则)
14489,71,1,20,一般保持(规则)
17022,66,1,20,一般保持(规则)
13803,65,1,20,一般保持(规则)
15122,64,1,20,一般保持(规则)
14665,61,1,20,一般保持(规则)
17732,49,1,20,一般保持(规则)
13292,49,1,20,一般保持(规则)
16775,35,1,20,一般保持(规则)
12433,33,1,20,一般保持(规则)
15325,29,1,20,一般保持(规则)
12927,28,1,20,一般保持(规则)
14550,22,1,20,一般保持(规则)
17490,22,1,20,一般保持(规则)
12605,10,1,20,一般保持(规则)
14710,13,3,19,一般保持(规则)
16395,27,5,19,一般保持(规则)
16409,21,5,19,一般保持(规则)
14530,42,3,19,一般保持(规则)
17226,78,2,19,一般保持(规则)
15031,28,3,19,一般保持(规则)
16784,10,3,19,一般保持(规则)
15972,90,3,19,一般保持(规则)
12391,98,2,19,一般保持(规则)
14623,168,2,19,一般保持(规则)
17092,139,2,19,一般保持(规则)
16588,208,1,19,一般保持(规则)
14334,202,1,19,一般保持(规则)
17706,62,3,19,一般保持(规则)
12633,16,3,19,一般保持(规则)
14312,138,1,19,一般保持(规则)
15704,127,2,19,一般保持(规则)
14346,59,2,19,一般保持(规则)
13474,129,1,19,一般保持(规则)
13246,27,2,19,一般保持(规则)
17672,72,1,19,一般保持(规则)
18055,3,2,19,一般保持(规则)
13097,22,7,18,一般保持(规则)
16131,371,1,18,一般保持(规则)
14347,370,1,18,一般保持(规则)
15983,26,3,18,一般保持(规则)
13204,365,1,18,一般保持(规则)
15642,363,1,18,一般保持(规则)
17802,24,3,18,一般保持(规则)
17913,80,3,18,一般保持(规则)
13233,328,1,18,一般保持(规则)
13869,15,4,18,一般保持(规则)
13074,323,1,18,一般保持(规则)
12437,238,3,18,一般保持(规则)
14044,52,6,18,一般保持(规则)
12711,310,1,18,一般保持(规则)
12396,308,1,18,一般保持(规则)
12370,302,1,18,一般保持(规则)
13604,292,1,18,一般保持(规则)
16283,52,3,18,一般保持(规则)
15630,278,1,18,一般保持(规则)
14583,17,3,18,一般保持(规则)
12388,216,1,18,一般保持(规则)
14301,206,1,18,一般保持(规则)
14909,198,1,18,一般保持(规则)
16844,196,1,18,一般保持(规则)
15447,161,1,18,一般保持(规则)
17734,159,1,18,一般保持(规则)
15101,153,1,18,一般保持(规则)
16172,142,1,18,一般保持(规则)
16227,128,1,18,一般保持(规则)
14209,124,1,18,一般保持(规则)
17212,120,1,18,一般保持(规则)
14243,110,1,18,一般保持(规则)
14739,97,1,18,一般保持(规则)
17612,13,4,18,一般保持(规则)
13702,79,1,18,一般保持(规则)
17055,79,1,18,一般保持(规则)
13513,75,1,18,一般保持(规则)
17596,2,2,18,一般保持(规则)
16783,70,1,18,一般保持(规则)
14327,70,1,18,一般保持(规则)
16214,69,1,18,一般保持(规则)
17621,65,1,18,一般保持(规则)
17726,62,1,18,一般保持(规则)
15641,62,1,18,一般保持(规则)
16350,62,1,18,一般保持(规则)
14127,59,1,18,一般保持(规则)
13840,50,1,18,一般保持(规则)
12419,47,1,18,一般保持(规则)
13462,44,1,18,一般保持(规则)
15294,44,1,18,一般保持(规则)
14515,21,2,18,一般保持(规则)
12537,42,1,18,一般保持(规则)
15807,42,1,18,一般保持(规则)
12349,41,1,18,一般保持(规则)
14490,40,1,18,一般保持(规则)
13359,37,1,18,一般保持(规则)
17702,34,1,18,一般保持(规则)
16444,24,2,18,一般保持(规则)
17084,30,1,18,一般保持(规则)
16358,28,1,18,一般保持(规则)
13614,27,1,18,一般保持(规则)
16250,20,1,18,一般保持(规则)
15024,1,2,18,一般保持(规则)
15834,10,1,18,一般保持(规则)
15625,10,1,18,一般保持(规则)
16552,7,1,18,一般保持(规则)
14506,3,1,18,一般保持(规则)
17476,371,1,17,一般保持(规则)
17372,31,2,17,一般保持(规则)
15898,58,4,17,一般保持(规则)
16782,8,12,17,一般保持(规则)
14293,321,1,17,一般保持(规则)
14478,316,1,17,一般保持(规则)
13480,313,1,17,一般保持(规则)
16718,3,2,17,一般保持(规则)
16067,208,2,17,一般保持(规则)
17406,157,3,17,一般保持(规则)
16636,280,1,17,一般保持(规则)
13643,274,1,17,一般保持(规则)
14013,257,1,17,一般保持(规则)
16105,72,2,17,一般保持(规则)
13047,44,2,17,一般保持(规则)
16447,224,1,17,一般保持(规则)
14732,223,1,17,一般保持(规则)
16303,202,1,17,一般保持(规则)
17499,195,1,17,一般保持(规则)
14766,185,1,17,一般保持(规则)
13337,180,1,17,一般保持(规则)
17157,134,1,17,一般保持(规则)
16232,118,1,17,一般保持(规则)
17689,108,1,17,一般保持(规则)
12554,82,1,17,一般保持(规则)
13196,77,1,17,一般保持(规则)
17738,72,1,17,一般保持(规则)
13139,71,1,17,一般保持(规则)
16958,69,1,17,一般保持(规则)
15243,69,1,17,一般保持(规则)
16044,69,1,17,一般保持(规则)
16848,66,1,17,一般保持(规则)
13838,59,2,17,一般保持(规则)
14540,64,1,17,一般保持(规则)
14263,57,1,17,一般保持(规则)
17687,54,1,17,一般保持(规则)
12387,49,1,17,一般保持(规则)
15865,47,1,17,一般保持(规则)
14276,41,1,17,一般保持(规则)
13316,26,1,17,一般保持(规则)
14675,22,1,17,一般保持(规则)
15730,15,1,17,一般保持(规则)
16001,15,2,17,一般保持(规则)
13911,13,1,17,一般保持(规则)
15880,3,1,17,一般保持(规则)
17764,174,2,16,一般保持(规则)
15823,365,1,16,一般保持(规则)
14030,10,4,16,一般保持(规则)
16202,70,2,16,一般保持(规则)
14702,69,3,16,一般保持(规则)
15810,307,1,16,一般保持(规则)
14467,86,3,16,一般保持(规则)
13115,174,3,16,一般保持(规则)
17115,231,1,16,一般保持(规则)
14399,56,4,16,一般保持(规则)
12982,167,3,16,一般保持(规则)
15605,222,2,16,一般保持(规则)
13426,16,2,16,一般保持(规则)
16611,205,1,16,一般保持(规则)
12840,183,1,16,一般保持(规则)
16206,181,1,16,一般保持(规则)
15850,22,2,16,一般保持(规则)
16059,21,2,16,一般保持(规则)
17666,161,1,16,一般保持(规则)
13627,122,1,16,一般保持(规则)
13067,80,1,16,一般保持(规则)
13883,71,1,16,一般保持(规则)
13491,70,1,16,一般保持(规则)
16235,58,1,16,一般保持(规则)
16176,55,1,16,一般保持(规则)
18065,51,1,16,一般保持(规则)
14847,41,1,16,一般保持(规则)
17376,38,1,16,一般保持(规则)
17633,23,1,16,一般保持(规则)
12976,12,1,16,一般保持(规则)
17722,9,1,16,一般保持(规则)
14589,5,1,16,一般保持(规则)
16541,369,1,15,流失预警(规则)
12820,368,1,15,流失预警(规则)
17047,365,1,15,流失预警(规则)
12933,85,2,15,普通(规则)
16792,17,3,15,普通(规则)
16875,132,5,15,流失预警(规则)
14154,329,1,15,流失预警(规则)
16510,325,1,15,流失预警(规则)
15434,318,1,15,流失预警(规则)
14514,184,2,15,流失预警(规则)
16137,314,1,15,流失预警(规则)
13478,311,1,15,流失预警(规则)
15015,223,4,15,流失预警(规则)
15784,306,1,15,流失预警(规则)
16978,300,1,15,流失预警(规则)
15795,297,1,15,流失预警(规则)
13126,84,2,15,普通(规则)
15631,276,1,15,流失预警(规则)
17158,276,1,15,流失预警(规则)
18187,265,1,15,流失预警(规则)
13706,260,1,15,流失预警(规则)
13285,258,1,15,流失预警(规则)
18188,257,1,15,流失预警(规则)
13117,110,2,15,流失预警(规则)
16455,253,1,15,流失预警(规则)
14694,251,1,15,流失预警(规则)
17563,245,1,15,流失预警(规则)
16040,243,1,15,流失预警(规则)
13854,241,1,15,流失预警(规则)
12935,241,1,15,流失预警(规则)
14114,240,1,15,流失预警(规则)
13013,236,1,15,流失预警(规则)
17622,231,1,15,流失预警(规则)
18163,218,1,15,流失预警(规则)
13870,216,1,15,流失预警(规则)
14839,213,1,15,流失预警(规则)
15149,211,1,15,流失预警(规则)
17465,202,1,15,流失预警(规则)
16328,197,1,15,流失预警(规则)
15256,195,1,15,流失预警(规则)
18145,195,1,15,流失预警(规则)
13544,45,2,15,普通(规则)
15980,190,1,15,流失预警(规则)
16098,183,1,15,流失预警(规则)
15183,181,1,15,流失预警(规则)
17691,180,1,15,流失预警(规则)
16631,169,1,15,流失预警(规则)
16680,168,1,15,流失预警(规则)
15264,164,1,15,流失预警(规则)
12784,163,1,15,流失预警(规则)
16011,160,1,15,流失预警(规则)
13029,157,1,15,流失预警(规则)
15678,29,2,15,普通(规则)
15076,156,1,15,流失预警(规则)
16266,153,1,15,流失预警(规则)
16054,146,1,15,流失预警(规则)
15249,146,1,15,流失预警(规则)
17921,87,3,15,普通(规则)
13976,140,1,15,流失预警(规则)
12801,134,1,15,流失预警(规则)
15182,133,1,15,流失预警(规则)
18075,132,1,15,流失预警(规则)
17168,132,1,15,流失预警(规则)
15363,126,1,15,流失预警(规则)
15837,119,1,15,流失预警(规则)
12960,117,1,15,流失预警(规则)
12687,114,1,15,流失预警(规则)
16675,112,1,15,流失预警(规则)
15154,112,1,15,流失预警(规则)
16670,99,1,15,流失预警(规则)
17585,79,2,15,普通(规则)
17456,90,1,15,普通(规则)
13579,89,1,15,普通(规则)
14734,82,1,15,普通(规则)
16167,72,1,15,普通(规则)
14004,69,1,15,普通(规则)
15736,69,1,15,普通(规则)
13002,68,1,15,普通(规则)
15190,68,1,15,普通(规则)
13849,68,1,15,普通(规则)
17069,66,1,15,普通(规则)
13021,65,1,15,普通(规则)
14991,64,1,15,普通(规则)
12889,63,1,15,普通(规则)
16325,62,1,15,普通(规则)
12903,62,1,15,普通(规则)
15228,62,1,15,普通(规则)
15600,62,1,15,普通(规则)
15948,58,1,15,普通(规则)
13921,57,1,15,普通(规则)
13368,57,1,15,普通(规则)
12900,56,1,15,普通(规则)
13577,55,1,15,普通(规则)
16859,50,1,15,普通(规则)
13723,49,1,15,普通(规则)
13936,48,1,15,普通(规则)
16777,47,1,15,普通(规则)
13018,47,1,15,普通(规则)
14673,43,1,15,普通(规则)
13363,43,1,15,普通(规则)
12371,43,1,15,普通(规则)
15365,37,1,15,普通(规则)
13937,36,1,15,普通(规则)
16676,36,1,15,普通(规则)
13987,34,1,15,普通(规则)
13008,31,1,15,普通(规则)
16298,31,1,15,普通(规则)
13773,30,1,15,普通(规则)
16690,27,1,15,普通(规则)
12635,26,1,15,普通(规则)
16265,20,1,15,普通(规则)
13786,17,1,15,普通(规则)
13213,17,1,15,普通(规则)
16357,15,1,15,普通(规则)
15712,13,1,15,普通(规则)
17790,12,1,15,普通(规则)
12347,1,1,15,普通(规则)
12766,0,1,15,普通(规则)
17191,2,4,14,普通(规则)
15581,118,8,14,流失预警(规则)
13895,370,1,14,流失预警(规则)
14031,117,6,14,流失预警(规则)
18181,34,2,14,普通(规则)
17165,362,1,14,流失预警(规则)
13941,5,2,14,普通(规则)
15013,121,4,14,流失预警(规则)
16383,223,2,14,流失预警(规则)
16225,304,1,14,流失预警(规则)
17774,106,2,14,流失预警(规则)
12867,31,3,14,普通(规则)
17136,296,1,14,流失预警(规则)
17075,63,2,14,普通(规则)
13152,290,1,14,流失预警(规则)
18152,280,1,14,流失预警(规则)
15722,237,2,14,流失预警(规则)
18196,105,2,14,流失预警(规则)
18262,236,1,14,流失预警(规则)
15580,192,2,14,流失预警(规则)
13824,223,1,14,流失预警(规则)
12712,202,2,14,流失预警(规则)
14876,195,1,14,流失预警(规则)
17822,194,2,14,流失预警(规则)
12595,138,1,14,流失预警(规则)
16835,134,1,14,流失预警(规则)
15271,91,3,14,流失预警(规则)
12997,107,2,14,流失预警(规则)
13799,105,1,14,流失预警(规则)
12644,64,1,14,普通(规则)
13964,64,1,14,普通(规则)
15038,24,2,14,普通(规则)
17449,21,2,14,普通(规则)
15392,30,1,14,普通(规则)
16571,29,2,14,普通(规则)
17984,30,2,13,普通(规则)
14549,227,2,13,流失预警(规则)
12872,276,3,13,流失预警(规则)
13736,59,5,13,普通(规则)
14546,43,5,13,普通(规则)
13543,321,1,13,流失预警(规则)
15126,321,1,13,流失预警(规则)
17603,306,2,13,流失预警(规则)
16840,308,1,13,流失预警(规则)
15176,301,1,13,流失预警(规则)
14341,71,3,13,普通(规则)
13044,126,3,13,流失预警(规则)
17829,289,1,13,流失预警(规则)
15798,279,1,13,流失预警(规则)
18245,31,2,13,普通(规则)
14872,267,1,13,流失预警(规则)
14344,260,1,13,流失预警(规则)
12742,259,1,13,流失预警(规则)
14378,255,1,13,流失预警(规则)
13443,187,2,13,流失预警(规则)
17540,233,1,13,流失预警(规则)
15474,229,1,13,流失预警(规则)
14563,226,1,13,流失预警(规则)
16242,15,3,13,普通(规则)
16749,225,1,13,流失预警(规则)
15229,220,1,13,流失预警(规则)
12507,218,1,13,流失预警(规则)
13512,217,1,13,流失预警(规则)
13830,215,1,13,流失预警(规则)
15547,24,2,13,普通(规则)
14441,185,1,13,流失预警(规则)
17749,180,1,13,流失预警(规则)
17146,160,1,13,流失预警(规则)
18238,149,1,13,流失预警(规则)
12625,143,1,13,流失预警(规则)
13795,140,1,13,流失预警(规则)
13761,136,1,13,流失预警(规则)
13155,125,1,13,流失预警(规则)
16632,119,1,13,流失预警(规则)
15322,110,1,13,流失预警(规则)
14321,107,1,13,流失预警(规则)
15680,106,1,13,流失预警(规则)
14388,101,1,13,流失预警(规则)
14099,83,1,13,普通(规则)
15469,72,1,13,普通(规则)
13015,72,1,13,普通(规则)
16101,68,1,13,普通(规则)
12629,57,1,13,普通(规则)
15590,52,1,13,普通(规则)
14945,47,1,13,普通(规则)
15067,47,1,13,普通(规则)
16612,8,2,13,普通(规则)
17218,28,2,13,普通(规则)
16381,29,1,13,普通(规则)
15468,26,1,13,普通(规则)
17995,21,1,13,普通(规则)
17421,20,1,13,普通(规则)
18003,10,1,13,普通(规则)
16244,6,1,13,普通(规则)
13138,6,1,13,普通(规则)
13506,3,2,13,普通(规则)
16791,17,3,12,普通(规则)
15889,218,3,12,流失预警(规则)
14653,147,3,12,流失预警(规则)
13259,31,4,12,普通(规则)
14160,332,1,12,流失预警(规则)
13004,120,5,12,流失预警(规则)
15858,62,2,12,普通(规则)
17610,317,1,12,流失预警(规则)
16755,308,1,12,流失预警(规则)
15628,300,1,12,流失预警(规则)
14686,48,3,12,普通(规则)
17593,161,2,12,流失预警(规则)
14161,122,2,12,流失预警(规则)
15910,34,4,12,普通(规则)
12876,28,3,12,普通(规则)
13450,181,1,12,流失预警(规则)
13542,181,1,12,流失预警(规则)
18022,26,3,12,普通(规则)
13649,146,1,12,流失预警(规则)
13615,33,4,12,普通(规则)
12369,83,1,12,普通(规则)
13032,66,1,12,普通(规则)
14662,61,1,12,普通(规则)
14389,58,2,12,普通(规则)
13136,54,2,12,普通(规则)
16904,12,3,12,普通(规则)
14617,36,1,12,普通(规则)
18168,34,1,12,普通(规则)
17269,19,1,12,普通(规则)
14170,15,1,12,普通(规则)
15466,370,1,11,流失预警(规则)
17642,368,1,11,流失预警(规则)
17978,365,1,11,流失预警(规则)
16204,14,2,11,普通(规则)
17954,185,2,11,流失预警(规则)
17526,356,1,11,流失预警(规则)
16524,325,1,11,流失预警(规则)
14701,83,2,11,普通(规则)
13527,227,2,11,流失预警(规则)
16719,24,2,11,普通(规则)
13214,280,1,11,流失预警(规则)
13595,150,2,11,流失预警(规则)
14018,279,1,11,流失预警(规则)
17065,271,1,11,流失预警(规则)
15117,268,1,11,流失预警(规则)
15623,262,1,11,流失预警(规则)
16071,260,1,11,流失预警(规则)
14988,14,3,11,普通(规则)
13230,24,3,11,普通(规则)
12932,185,1,11,流失预警(规则)
17883,173,1,11,流失预警(规则)
14107,146,1,11,流失预警(规则)
13999,54,3,11,普通(规则)
16316,127,1,11,流失预警(规则)
16563,90,1,11,普通(规则)
15314,62,1,11,普通(规则)
16991,55,1,11,普通(规则)
16017,51,1,11,普通(规则)
16797,27,3,11,普通(规则)
18016,44,1,11,普通(规则)
14417,21,1,11,普通(规则)
12721,19,1,11,普通(规则)
15854,14,1,11,普通(规则)
16645,369,1,10,流失预警(规则)
18223,62,5,10,普通(规则)
16641,335,1,10,流失预警(规则)
14472,323,1,10,流失预警(规则)
12708,79,2,10,普通(规则)
14481,311,1,10,流失预警(规则)
15167,41,2,10,普通(规则)
13119,302,1,10,流失预警(规则)
15278,299,1,10,流失预警(规则)
17469,293,1,10,流失预警(规则)
13191,292,1,10,流失预警(规则)
14402,286,1,10,流失预警(规则)
13593,245,2,10,流失预警(规则)
16461,224,2,10,流失预警(规则)
18151,279,1,10,流失预警(规则)
13508,276,1,10,流失预警(规则)
16508,264,1,10,流失预警(规则)
14947,258,1,10,流失预警(规则)
13053,255,1,10,流失预警(规则)
14916,251,1,10,流失预警(规则)
13727,245,1,10,流失预警(规则)
15265,238,1,10,流失预警(规则)
18276,232,1,10,流失预警(规则)
15173,220,1,10,流失预警(规则)
15827,212,1,10,流失预警(规则)
16208,206,1,10,流失预警(规则)
15025,202,1,10,流失预警(规则)
15826,202,1,10,流失预警(规则)
14181,196,1,10,流失预警(规则)
12378,196,1,10,流失预警(规则)
13296,182,1,10,流失预警(规则)
15329,175,2,10,流失预警(规则)
16894,169,1,10,流失预警(规则)
12810,168,1,10,流失预警(规则)
12741,167,1,10,流失预警(规则)
14534,56,2,10,普通(规则)
16049,17,2,10,普通(规则)
17559,146,1,10,流失预警(规则)
14699,127,1,10,流失预警(规则)
16033,10,3,10,普通(规则)
13842,111,1,10,流失预警(规则)
12765,106,1,10,流失预警(规则)
14968,92,1,10,流失预警(规则)
17426,86,2,10,普通(规则)
16374,86,1,10,普通(规则)
17233,82,1,10,普通(规则)
15599,79,1,10,普通(规则)
14894,77,1,10,普通(规则)
18193,76,1,10,普通(规则)
15551,28,2,10,普通(规则)
18178,69,1,10,普通(规则)
16817,65,1,10,普通(规则)
16416,24,2,10,普通(规则)
15799,52,1,10,普通(规则)
14217,51,1,10,普通(规则)
16521,49,2,10,普通(规则)
17322,17,2,10,普通(规则)
15370,44,1,10,普通(规则)
12951,22,2,10,普通(规则)
14758,30,1,10,普通(规则)
14390,8,2,10,普通(规则)
16679,28,1,10,普通(规则)
16471,27,1,10,普通(规则)
14526,23,1,10,普通(规则)
12847,21,1,10,普通(规则)
18101,8,2,10,普通(规则)
15482,20,1,10,普通(规则)
16554,20,3,10,普通(规则)
17868,20,1,10,普通(规则)
16279,19,1,10,普通(规则)
16346,19,1,10,普通(规则)
16812,16,1,10,普通(规则)
13843,15,1,10,普通(规则)
16473,8,1,10,普通(规则)
17855,6,1,10,普通(规则)
14204,170,2,9,流失预警(规则)
15684,369,1,9,流失预警(规则)
17561,367,1,9,流失预警(规则)
17860,2,2,9,普通(规则)
14966,357,1,9,流失预警(规则)
13641,357,1,9,流失预警(规则)
14556,230,3,9,流失预警(规则)
12531,314,2,9,流失预警(规则)
13048,315,1,9,流失预警(规则)
17241,296,1,9,流失预警(规则)
12998,230,3,9,流失预警(规则)
14572,51,2,9,普通(规则)
15572,238,1,9,流失预警(规则)
16081,0,2,9,普通(规则)
17123,206,1,9,流失预警(规则)
15280,205,1,9,流失预警(规则)
17282,182,1,9,流失预警(规则)
13125,157,1,9,流失预警(规则)
12759,154,1,9,流失预警(规则)
12782,153,1,9,流失预警(规则)
17143,149,1,9,流失预警(规则)
13384,126,2,9,流失预警(规则)
16221,92,3,9,流失预警(规则)
14009,96,1,9,流失预警(规则)
12631,90,1,9,普通(规则)
14065,65,1,9,普通(规则)
12413,36,1,9,普通(规则)
16887,34,1,9,普通(规则)
14821,30,1,9,普通(规则)
17274,29,1,9,普通(规则)
17968,7,2,9,普通(规则)
13988,17,1,9,普通(规则)
15384,6,2,9,普通(规则)
14458,14,1,9,普通(规则)
16150,6,3,9,普通(规则)
15998,48,7,8,普通(规则)
15542,146,2,8,流失预警(规则)
14471,366,1,8,流失预警(规则)
17884,2,4,8,普通(规则)
17178,365,1,8,流失预警(规则)
12683,360,1,8,流失预警(规则)
15577,360,1,8,流失预警(规则)
15409,355,1,8,流失预警(规则)
13821,335,2,8,流失预警(规则)
16595,38,2,8,普通(规则)
14064,90,2,8,普通(规则)
15882,310,1,8,流失预警(规则)
15272,84,2,8,普通(规则)
15774,52,2,8,普通(规则)
14729,259,1,8,流失预警(规则)
16727,255,1,8,流失预警(规则)
14813,19,2,8,普通(规则)
15613,244,1,8,流失预警(规则)
17113,234,1,8,流失预警(规则)
16889,199,1,8,流失预警(规则)
13201,198,1,8,流失预警(规则)
14282,189,1,8,流失预警(规则)
14671,183,1,8,流失预警(规则)
17346,19,2,8,普通(规则)
18260,89,2,8,普通(规则)
16007,17,2,8,普通(规则)
14570,77,1,8,普通(规则)
17373,76,1,8,普通(规则)
18107,76,1,8,普通(规则)
17081,29,2,8,普通(规则)
15579,66,1,8,普通(规则)
15277,59,1,8,普通(规则)
14838,57,1,8,普通(规则)
15688,52,1,8,普通(规则)
17967,5,2,8,普通(规则)
16428,47,1,8,普通(规则)
16010,19,2,8,普通(规则)
13574,45,1,8,普通(规则)
17323,41,1,8,普通(规则)
14901,40,1,8,普通(规则)
17062,31,1,8,普通(规则)
16470,30,1,8,普通(规则)
17288,24,1,8,普通(规则)
15939,8,1,8,普通(规则)
17223,2,1,8,普通(规则)
18162,366,1,7,流失预警(规则)
18036,96,4,7,流失预警(规则)
15518,316,1,7,流失预警(规则)
14577,315,1,7,流失预警(规则)
14110,276,1,7,流失预警(规则)
16794,199,3,7,流失预警(规则)
15689,251,1,7,流失预警(规则)
17289,82,2,7,普通(规则)
16372,43,3,7,普通(规则)
17180,210,1,7,流失预警(规则)
16046,196,1,7,流失预警(规则)
14938,140,2,7,流失预警(规则)
16392,195,1,7,流失预警(规则)
17915,185,1,7,流失预警(规则)
16391,34,3,7,普通(规则)
17326,42,2,7,普通(规则)
15532,24,2,7,普通(规则)
18207,133,1,7,流失预警(规则)
17673,127,1,7,流失预警(规则)
13476,120,1,7,流失预警(规则)
17248,115,1,7,流失预警(规则)
16725,23,2,7,普通(规则)
14482,29,2,7,普通(规则)
15966,84,1,7,普通(规则)
17608,83,1,7,普通(规则)
17769,73,2,7,普通(规则)
14657,63,1,7,普通(规则)
15390,43,1,7,普通(规则)
18127,37,1,7,普通(规则)
13520,36,1,7,普通(规则)
13738,30,1,7,普通(规则)
14382,24,1,7,普通(规则)
14585,23,1,7,普通(规则)
17433,19,1,7,普通(规则)
16765,16,1,7,普通(规则)
18283,16,2,7,普通(规则)
13077,15,1,7,普通(规则)
12996,9,1,7,普通(规则)
17246,372,1,6,流失预警(规则)
14376,317,1,6,流失预警(规则)
15861,223,2,6,流失预警(规则)
17361,310,1,6,流失预警(规则)
16246,303,1,6,流失预警(规则)
14869,297,1,6,流失预警(规则)
13772,29,4,6,普通(规则)
13276,31,2,6,普通(规则)
17849,269,1,6,流失预警(规则)
13600,268,1,6,流失预警(规则)
17290,15,2,6,普通(规则)
16658,253,1,6,流失预警(规则)
12849,225,1,6,流失预警(规则)
17482,212,1,6,流失预警(规则)
18203,184,1,6,流失预警(规则)
13623,184,1,6,流失预警(规则)
17604,56,2,6,普通(规则)
14452,29,2,6,普通(规则)
16008,153,1,6,流失预警(规则)
14444,90,1,6,普通(规则)
15006,87,1,6,普通(规则)
14963,83,1,6,普通(规则)
16952,75,1,6,普通(规则)
17097,64,1,6,普通(规则)
14998,62,1,6,普通(规则)
16527,58,1,6,普通(规则)
14498,56,1,6,普通(规则)
14479,52,1,6,普通(规则)
13263,40,2,6,普通(规则)
17315,14,2,6,普通(规则)
18170,36,1,6,普通(规则)
13554,35,1,6,普通(规则)
13646,33,1,6,普通(规则)
16899,12,2,6,普通(规则)
13691,30,1,6,普通(规则)
15529,28,1,6,普通(规则)
17210,26,1,6,普通(规则)
15161,22,1,6,普通(规则)
16006,21,1,6,普通(规则)
13546,16,1,6,普通(规则)
15012,7,1,6,普通(规则)
17905,7,1,6,普通(规则)
12841,5,1,6,普通(规则)
16016,0,1,6,普通(规则)
14669,371,1,5,流失预警(规则)
16702,366,1,5,流失预警(规则)
13825,364,1,5,流失预警(规则)
12926,68,2,5,普通(规则)
17962,329,1,5,流失预警(规则)
14595,322,1,5,流失预警(规则)
12978,321,1,5,流失预警(规则)
17141,318,1,5,流失预警(规则)
15959,316,1,5,流失预警(规则)
13538,309,1,5,流失预警(规则)
15550,309,1,5,流失预警(规则)
16147,306,1,5,流失预警(规则)
15003,107,2,5,流失预警(规则)
16436,302,1,5,流失预警(规则)
17116,282,1,5,流失预警(规则)
16960,281,1,5,流失预警(规则)
16466,213,2,5,流失预警(规则)
18008,268,1,5,流失预警(规则)
15068,255,1,5,流失预警(规则)
17994,141,2,5,流失预警(规则)
17348,83,2,5,普通(规则)
15426,76,2,5,普通(规则)
12675,212,1,5,流失预警(规则)
17515,184,1,5,流失预警(规则)
14224,178,1,5,流失预警(规则)
15248,168,1,5,流失预警(规则)
13939,162,1,5,流失预警(规则)
13439,160,1,5,流失预警(规则)
18096,76,2,5,普通(规则)
18021,146,1,5,流失预警(规则)
16448,105,1,5,流失预警(规则)
17366,90,1,5,普通(规则)
17228,89,1,5,普通(规则)
15639,85,1,5,普通(规则)
15870,80,1,5,普通(规则)
14507,76,1,5,普通(规则)
13239,71,2,5,普通(规则)
13642,66,1,5,普通(规则)
15241,64,1,5,普通(规则)
12511,62,1,5,普通(规则)
15266,59,2,5,普通(规则)
16005,58,1,5,普通(规则)
15203,56,1,5,普通(规则)
15957,54,1,5,普通(规则)
16898,49,1,5,普通(规则)
12421,49,1,5,普通(规则)
12705,8,2,5,普通(规则)
16876,37,1,5,普通(规则)
17894,35,1,5,普通(规则)
17977,34,1,5,普通(规则)
17284,23,1,5,普通(规则)
13156,19,1,5,普通(规则)
12573,15,1,5,普通(规则)
13435,10,1,5,普通(规则)
14410,10,1,5,普通(规则)
17814,9,1,5,普通(规则)
17889,8,1,5,普通(规则)
15545,5,1,5,普通(规则)
14979,369,1,4,流失预警(规则)
16018,366,1,4,流失预警(规则)
15812,358,1,4,流失预警(规则)
15055,357,1,4,流失预警(规则)
18077,353,1,4,流失预警(规则)
18041,6,3,4,普通(规则)
16300,64,2,4,普通(规则)
13553,308,1,4,流失预警(规则)
16774,295,1,4,流失预警(规则)
16798,276,1,4,流失预警(规则)
17301,258,1,4,流失预警(规则)
17993,251,1,4,流失预警(规则)
17362,244,1,4,流失预警(规则)
15331,238,2,4,流失预警(规则)
16987,10,2,4,普通(规则)
16117,225,1,4,流失预警(规则)
14512,223,1,4,流失预警(规则)
17565,220,1,4,流失预警(规则)
17133,209,1,4,流失预警(规则)
16922,206,1,4,流失预警(规则)
17327,196,1,4,流失预警(规则)
13719,190,1,4,流失预警(规则)
16271,185,1,4,流失预警(规则)
16110,156,1,4,流失预警(规则)
14166,139,1,4,流失预警(规则)
16699,138,1,4,流失预警(规则)
14819,128,1,4,流失预警(规则)
17602,106,1,4,流失预警(规则)
16255,93,1,4,流失预警(规则)
15752,91,1,4,流失预警(规则)
16387,87,1,4,普通(规则)
14182,77,1,4,普通(规则)
17811,75,1,4,普通(规则)
17555,68,1,4,普通(规则)
16414,65,1,4,普通(规则)
14525,62,1,4,普通(规则)
16520,58,1,4,普通(规则)
13581,48,1,4,普通(规则)
13240,45,1,4,普通(规则)
16458,42,1,4,普通(规则)
13547,42,1,4,普通(规则)
14247,38,1,4,普通(规则)
16228,34,1,4,普通(规则)
16223,29,1,4,普通(规则)
14899,29,1,4,普通(规则)
12855,28,1,4,普通(规则)
17772,26,1,4,普通(规则)
15708,24,1,4,普通(规则)
15811,22,1,4,普通(规则)
16726,17,1,4,普通(规则)
14487,13,1,4,普通(规则)
17796,12,1,4,普通(规则)
14083,5,1,4,普通(规则)
18043,0,1,4,普通(规则)
17271,370,1,3,流失预警(规则)
14605,365,1,3,流失预警(规则)
16805,359,1,3,流失预警(规则)
15863,356,1,3,流失预警(规则)
16908,356,1,3,流失预警(规则)
14343,268,2,3,流失预警(规则)
16412,48,2,3,普通(规则)
16082,304,1,3,流失预警(规则)
17220,91,2,3,流失预警(规则)
13243,83,2,3,普通(规则)
17472,262,1,3,流失预警(规则)
13611,244,1,3,流失预警(规则)
18057,238,1,3,流失预警(规则)
15451,233,1,3,流失预警(规则)
17798,215,1,3,流失预警(规则)
17808,215,1,3,流失预警(规则)
13432,205,1,3,流失预警(规则)
16451,195,1,3,流失预警(规则)
15443,192,1,3,流失预警(规则)
17356,188,1,3,流失预警(规则)
12911,185,1,3,流失预警(规则)
17784,184,1,3,流失预警(规则)
17952,175,1,3,流失预警(规则)
17341,0,2,3,普通(规则)
18128,171,1,3,流失预警(规则)
16686,161,1,3,流失预警(规则)
16907,160,1,3,流失预警(规则)
15452,145,1,3,流失预警(规则)
17112,136,1,3,流失预警(规则)
15353,133,1,3,流失预警(规则)
15021,26,2,3,普通(规则)
16032,132,1,3,流失预警(规则)
16115,122,1,3,流失预警(规则)
17135,122,1,3,流失预警(规则)
12851,111,1,3,流失预警(规则)
17270,103,1,3,流失预警(规则)
15976,44,2,3,普通(规则)
15519,80,1,3,普通(规则)
14994,16,2,3,普通(规则)
16340,73,1,3,普通(规则)
15276,28,2,3,普通(规则)
16411,62,1,3,普通(规则)
17196,61,1,3,普通(规则)
14904,61,1,3,普通(规则)
14651,58,1,3,普通(规则)
16795,50,1,3,普通(规则)
15501,49,1,3,普通(规则)
16024,45,1,3,普通(规则)
16724,38,1,3,普通(规则)
13760,38,1,3,普通(规则)
14449,36,1,3,普通(规则)
15996,31,1,3,普通(规则)
17350,28,1,3,普通(规则)
14690,26,1,3,普通(规则)
15512,24,1,3,普通(规则)
14684,24,1,3,普通(规则)
17545,24,1,3,普通(规则)
17852,22,1,3,普通(规则)
16936,19,1,3,普通(规则)
18047,15,1,3,普通(规则)
16359,10,1,3,普通(规则)
17756,9,1,3,普通(规则)
15026,9,1,3,普通(规则)
13267,8,2,3,普通(规则)
17976,6,1,3,普通(规则)
18156,3,1,3,普通(规则)
15894,3,1,3,普通(规则)
17812,2,1,3,普通(规则)
13173,1,1,3,普通(规则)
17961,168,2,2,流失预警(规则)
17530,367,1,2,流失预警(规则)
17958,362,1,2,流失预警(规则)
13317,145,2,2,流失预警(规则)
17591,325,1,2,流失预警(规则)
15338,311,1,2,流失预警(规则)
16415,310,1,2,流失预警(规则)
15295,288,1,2,流失预警(规则)
14112,90,2,2,普通(规则)
14590,287,1,2,流失预警(规则)
16511,78,2,2,普通(规则)
15446,262,1,2,流失预警(规则)
14522,258,1,2,流失预警(规则)
14704,258,1,2,流失预警(规则)
15848,255,1,2,流失预警(规则)
16502,254,1,2,流失预警(规则)
14552,226,1,2,流失预警(规则)
17463,223,1,2,流失预警(规则)
17321,28,2,2,普通(规则)
18039,206,1,2,流失预警(规则)
17897,203,1,2,流失预警(规则)
15878,195,1,2,流失预警(规则)
14167,184,1,2,流失预警(规则)
16547,180,1,2,流失预警(规则)
12594,36,2,2,普通(规则)
17110,154,1,2,流失预警(规则)
13428,148,1,2,流失预警(规则)
16345,117,1,2,流失预警(规则)
17299,115,1,2,流失预警(规则)
13714,99,1,2,流失预警(规则)
17834,79,1,2,普通(规则)
12751,78,1,2,普通(规则)
17840,77,1,2,普通(规则)
13569,62,1,2,普通(规则)
15418,59,1,2,普通(规则)
13959,58,1,2,普通(规则)
17823,55,1,2,普通(规则)
15574,6,2,2,普通(规则)
13387,51,1,2,普通(规则)
15569,38,1,2,普通(规则)
13561,38,1,2,普通(规则)
17142,38,1,2,普通(规则)
15915,35,1,2,普通(规则)
16012,35,1,2,普通(规则)
17980,27,1,2,普通(规则)
15356,24,1,2,普通(规则)
17544,24,1,2,普通(规则)
12970,23,1,2,普通(规则)
17203,22,2,2,普通(规则)
18031,12,1,2,普通(规则)
16720,10,1,2,普通(规则)
17964,6,1,2,普通(规则)
18119,1,1,2,普通(规则)
17818,371,1,1,流失预警(规则)
15503,360,1,1,流失预警(规则)
17335,318,1,1,流失预警(规则)
13619,308,1,1,流失预警(规则)
16768,301,1,1,流失预警(规则)
13566,273,1,1,流失预警(规则)
16085,266,1,1,流失预警(规则)
16158,174,2,1,流失预警(规则)
14078,255,1,1,流失预警(规则)
15573,252,1,1,流失预警(规则)
14814,215,1,1,流失预警(规则)
14474,213,1,1,流失预警(规则)
15478,209,1,1,流失预警(规则)
15879,203,1,1,流失预警(规则)
17987,184,1,1,流失预警(规则)
13567,175,1,1,流失预警(规则)
13586,175,1,1,流失预警(规则)
14375,175,1,1,流失预警(规则)
17194,164,1,1,流失预警(规则)
18002,159,1,1,流失预警(规则)
15456,126,1,1,流失预警(规则)
14736,119,1,1,流失预警(规则)
18140,107,1,1,流失预警(规则)
17167,79,1,1,普通(规则)
14564,64,2,1,普通(规则)
17126,66,1,1,普通(规则)
17006,63,1,1,普通(规则)
17864,61,1,1,普通(规则)
17264,58,1,1,普通(规则)
13832,56,1,1,普通(规则)
14953,52,1,1,普通(规则)
15995,48,1,1,普通(规则)
13241,45,1,1,普通(规则)
17432,44,1,1,普通(规则)
16382,42,1,1,普通(规则)
14087,38,1,1,普通(规则)
16021,29,1,1,普通(规则)
16218,29,2,1,普通(规则)
13671,28,1,1,普通(规则)
17974,28,1,1,普通(规则)
15028,28,1,1,普通(规则)
15483,19,1,1,普通(规则)
12577,15,1,1,普通(规则)
15471,14,1,1,普通(规则)
17516,12,1,1,普通(规则)
18034,9,1,1,普通(规则)
17368,9,1,1,普通(规则)
13444,8,1,1,普通(规则)
16127,360,1,0,流失预警(规则)
17332,225,1,0,流失预警(规则)
17950,149,1,0,流失预警(规则)
14544,104,1,0,流失预警(规则)
16354,13,1,0,普通(规则)
